Tweet ID,text,attachments,author_id,context_annotations,conversation_id,created_at,entities,geo,in_reply_to_user_id,lang,public_metrics,referenced_tweets,entities_hashtags
1452714631210749954,RT @SaffronSalim: Hello @cricbuzz youâ€™ve readers/viewers from around the world. &amp; your team includes analysts &amp; former players from aroundâ€¦,,2894075335,"[{'domain': {'id': '6', 'name': 'Sports Event'}, 'entity': {'id': '1437805861632573441', 'name': 'India vs Pakistan'}}, {'domain': {'id': '11', 'name': 'Sport', 'description': 'Types of sports, like soccer and basketball'}, 'entity': {'id': '897814293395103744', 'name': 'Cricket'}}, {'domain': {'id': '12', 'name': 'Sports Team', 'description': 'A sports team organization, like Arsenal and the Boston Celtics'}, 'entity': {'id': '897814234498686976', 'name': 'Pakistan'}}, {'domain': {'id': '12', 'name': 'Sports Team', 'description': 'A sports team organization, like Arsenal and the Boston Celtics'}, 'entity': {'id': '897814278568161280', 'name': 'India'}}, {'domain': {'id': '26', 'name': 'Sports League', 'description': ''}, 'entity': {'id': '1437802949418229761', 'name': ""ICC Men's T20 World Cup""}}]",1452714631210749954,2021-10-25 19:12:12+00:00,"{'mentions': [{'start': 3, 'end': 16, 'username': 'SaffronSalim', 'id': '792573624960086016'}, {'start': 24, 'end': 33, 'username': 'cricbuzz', 'id': '14251256'}]}",,,en,"{'retweet_count': 6, 'reply_count': 0, 'like_count': 0, 'quote_count': 0}",[<ReferencedTweet id=1452607275315695626 type=retweeted],
1452714558167162884,"RT @jaeykie: @ENHYPEN_members Hello, Heeseung! This is my first time here. Honestly Idk what to share with you rn but here I am. First, letâ€¦",,1433871563120652289,"[{'domain': {'id': '10', 'name': 'Person', 'description': 'Named people in the world like Nelson Mandela'}, 'entity': {'id': '1382718053020880899', 'name': 'ENHYPEN'}}, {'domain': {'id': '10', 'name': 'Person', 'description': 'Named people in the world like Nelson Mandela'}, 'entity': {'id': '1427203537289678856', 'name': 'Heeseung'}}, {'domain': {'id': '54', 'name': 'Musician', 'description': 'A musician in the world, like Adele or Bob Dylan'}, 'entity': {'id': '1382718053020880899', 'name': 'ENHYPEN'}}, {'domain': {'id': '54', 'name': 'Musician', 'description': 'A musician in the world, like Adele or Bob Dylan'}, 'entity': {'id': '1427203537289678856', 'name': 'Heeseung'}}]",1452714558167162884,2021-10-25 19:11:55+00:00,"{'annotations': [{'start': 37, 'end': 44, 'probability': 0.4501, 'type': 'Person', 'normalized_text': 'Heeseung'}], 'mentions': [{'start': 3, 'end': 11, 'username': 'jaeykie', 'id': '1434474812844351491'}, {'start': 13, 'end': 29, 'username': 'ENHYPEN_members', 'id': '1305893393835290624'}]}",,,en,"{'retweet_count': 1, 'reply_count': 0, 'like_count': 0, 'quote_count': 0}",[<ReferencedTweet id=1452713658388156418 type=retweeted],
1452714548700618765,"RT @hiruna454: Hello, This is the first time I join NFT world.
Here you can check out my first drop on @withFND

https://t.co/9OeQzZx9BF htâ€¦",,931607234005565441,"[{'domain': {'id': '45', 'name': 'Brand Vertical', 'description': 'Top level entities that describe a Brands industry'}, 'entity': {'id': '781974596148793345', 'name': 'Business & finance'}}, {'domain': {'id': '66', 'name': 'Interests and Hobbies Category', 'description': 'A grouping of interests and hobbies entities, like Novelty Food or Destinations'}, 'entity': {'id': '913142676819648512', 'name': 'Cryptocurrencies', 'description': 'Cryptocurrency'}}, {'domain': {'id': '67', 'name': 'Interests and Hobbies', 'description': 'Interests, opinions, and behaviors of individuals, groups, or cultures; like Speciality Cooking or Theme Parks'}, 'entity': {'id': '847894353708068864', 'name': 'Investing', 'description': 'Investing'}}]",1452714548700618765,2021-10-25 19:11:53+00:00,"{'mentions': [{'start': 3, 'end': 13, 'username': 'hiruna454', 'id': '220323396'}, {'start': 103, 'end': 111, 'username': 'withFND', 'id': '1232540254457847808'}], 'urls': [{'start': 113, 'end': 136, 'url': 'https://t.co/9OeQzZx9BF', 'expanded_url': 'https://foundation.app/@hiruna454/girls-talk-89327', 'display_url': 'foundation.app/@hiruna454/girâ€¦'}]}",,,en,"{'retweet_count': 486, 'reply_count': 0, 'like_count': 0, 'quote_count': 0}",[<ReferencedTweet id=1440655530108731399 type=retweeted],
1452714531566899209,"Hello, Twitter World! https://t.co/WCNju86xyK",{'media_keys': ['3_1452714495617478656']},1452714156818407430,"[{'domain': {'id': '46', 'name': 'Brand Category', 'description': 'Categories within Brand Verticals that narrow down the scope of Brands'}, 'entity': {'id': '781974596752842752', 'name': 'Services'}}, {'domain': {'id': '47', 'name': 'Brand', 'description': 'Brands and Companies'}, 'entity': {'id': '10045225402', 'name': 'Twitter'}}]",1452714531566899209,2021-10-25 19:11:49+00:00,"{'annotations': [{'start': 7, 'end': 13, 'probability': 0.4163, 'type': 'Organization', 'normalized_text': 'Twitter'}], 'urls': [{'start': 22, 'end': 45, 'url': 'https://t.co/WCNju86xyK', 'expanded_url': 'https://twitter.com/BobbiPigsFeet/status/1452714531566899209/photo/1', 'display_url': 'pic.twitter.com/WCNju86xyK'}]}",,,en,"{'retweet_count': 0, 'reply_count': 0, 'like_count': 0, 'quote_count': 0}",,
1452714500419952646,"RT @ruggiere_l: HELLO AMERICA,

CLIMATE CHANGE:
People around the WORLD better wake-up before they follow all these EVIL Pied Pipers over aâ€¦",,1074649896551178240,,1452714500419952646,2021-10-25 19:11:41+00:00,"{'annotations': [{'start': 22, 'end': 28, 'probability': 0.9931, 'type': 'Place', 'normalized_text': 'AMERICA'}], 'mentions': [{'start': 3, 'end': 14, 'username': 'ruggiere_l', 'id': '1060967641962016768'}]}",,,en,"{'retweet_count': 4, 'reply_count': 0, 'like_count': 0, 'quote_count': 0}",[<ReferencedTweet id=1452708421183045633 type=retweeted],
1452714495403597837,"RT @ruggiere_l: HELLO AMERICA,

CLIMATE CHANGE:
People around the WORLD better wake-up before they follow all these EVIL Pied Pipers over aâ€¦",,2406341711,,1452714495403597837,2021-10-25 19:11:40+00:00,"{'annotations': [{'start': 22, 'end': 28, 'probability': 0.9931, 'type': 'Place', 'normalized_text': 'AMERICA'}], 'mentions': [{'start': 3, 'end': 14, 'username': 'ruggiere_l', 'id': '1060967641962016768'}]}",,,en,"{'retweet_count': 4, 'reply_count': 0, 'like_count': 0, 'quote_count': 0}",[<ReferencedTweet id=1452708421183045633 type=retweeted],
1452714491087519745,"RT @RhlPixels: #originalcharacters yes hello, I have a made up world densely populated with beloved OC'sðŸ™ðŸ’• https://t.co/XYmVUxAEup","{'media_keys': ['3_1452683898270400519', '3_1452684070182342669', '3_1452687535621148680', '3_1452687561160265728']}",1435264390752702465,,1452714491087519745,2021-10-25 19:11:39+00:00,"{'mentions': [{'start': 3, 'end': 13, 'username': 'RhlPixels', 'id': '4152769973'}], 'hashtags': [{'start': 15, 'end': 34, 'tag': 'originalcharacters'}], 'urls': [{'start': 107, 'end': 130, 'url': 'https://t.co/XYmVUxAEup', 'expanded_url': 'https://twitter.com/RhlPixels/status/1452687770313441297/photo/1', 'display_url': 'pic.twitter.com/XYmVUxAEup'}, {'start': 107, 'end': 130, 'url': 'https://t.co/XYmVUxAEup', 'expanded_url': 'https://twitter.com/RhlPixels/status/1452687770313441297/photo/1', 'display_url': 'pic.twitter.com/XYmVUxAEup'}, {'start': 107, 'end': 130, 'url': 'https://t.co/XYmVUxAEup', 'expanded_url': 'https://twitter.com/RhlPixels/status/1452687770313441297/photo/1', 'display_url': 'pic.twitter.com/XYmVUxAEup'}, {'start': 107, 'end': 130, 'url': 'https://t.co/XYmVUxAEup', 'expanded_url': 'https://twitter.com/RhlPixels/status/1452687770313441297/photo/1', 'display_url': 'pic.twitter.com/XYmVUxAEup'}]}",,,en,"{'retweet_count': 26, 'reply_count': 0, 'like_count': 0, 'quote_count': 0}",[<ReferencedTweet id=1452687770313441297 type=retweeted],"[{'start': 15, 'end': 34, 'tag': 'originalcharacters'}]"
1452714481235136524,"Hello World! It is October 25th 2021, 7:11:37 pm. May has finished but May hasn't resigned.",,991029304644591618,,1452714481235136524,2021-10-25 19:11:37+00:00,,,,en,"{'retweet_count': 0, 'reply_count': 0, 'like_count': 0, 'quote_count': 0}",,
1452714448452472834,"RT @UoBristolVolc: HELLO Twitter! The @BristolUni  Volcanology Research Group has joined the world of social media! ðŸŒ‹

Follow along as we hâ€¦",,1268956722271526916,"[{'domain': {'id': '46', 'name': 'Brand Category', 'description': 'Categories within Brand Verticals that narrow down the scope of Brands'}, 'entity': {'id': '781974596752842752', 'name': 'Services'}}, {'domain': {'id': '47', 'name': 'Brand', 'description': 'Brands and Companies'}, 'entity': {'id': '10045225402', 'name': 'Twitter'}}, {'domain': {'id': '65', 'name': 'Interests and Hobbies Vertical', 'description': 'Top level interests and hobbies groupings, like Food or Travel'}, 'entity': {'id': '854692455005921281', 'name': 'Science', 'description': 'Science'}}, {'domain': {'id': '30', 'name': 'Entities [Entity Service]', 'description': 'Entity Service top level domain, every item that is in Entity Service should be in this domain'}, 'entity': {'id': '847897009281355776', 'name': 'Geology', 'description': 'Geology'}}]",1452714448452472834,2021-10-25 19:11:29+00:00,"{'annotations': [{'start': 25, 'end': 31, 'probability': 0.567, 'type': 'Organization', 'normalized_text': 'Twitter'}, {'start': 51, 'end': 76, 'probability': 0.6745, 'type': 'Organization', 'normalized_text': 'Volcanology Research Group'}], 'mentions': [{'start': 3, 'end': 17, 'username': 'UoBristolVolc', 'id': '1452688152322260995'}, {'start': 38, 'end': 49, 'username': 'BristolUni', 'id': '24723695'}]}",,,en,"{'retweet_count': 9, 'reply_count': 0, 'like_count': 0, 'quote_count': 0}",[<ReferencedTweet id=1452694793847455753 type=retweeted],
1452714371797463043,@i8wooyo hello pretty soul! you deserve all the love in this world *hugs* youve been doing great &amp; youâ€™re amazing. know your worth and donâ€™t listen to anyone &lt;3 woo loves u so much ðŸ¥ºâ™¡ https://t.co/9rH2gADcBw,{'media_keys': ['16_1452714323726553092']},1451504688310915105,,1452376197627789321,2021-10-25 19:11:11+00:00,"{'mentions': [{'start': 0, 'end': 8, 'username': 'i8wooyo', 'id': '1401586675722207236'}], 'urls': [{'start': 191, 'end': 214, 'url': 'https://t.co/9rH2gADcBw', 'expanded_url': 'https://twitter.com/choisanlvs/status/1452714371797463043/photo/1', 'display_url': 'pic.twitter.com/9rH2gADcBw'}]}",,1401586675722207236,en,"{'retweet_count': 0, 'reply_count': 1, 'like_count': 0, 'quote_count': 0}",[<ReferencedTweet id=1452376197627789321 type=replied_to],
1452714355741667329,"RT @RhlPixels: #originalcharacters yes hello, I have a made up world densely populated with beloved OC'sðŸ™ðŸ’• https://t.co/XYmVUxAEup","{'media_keys': ['3_1452683898270400519', '3_1452684070182342669', '3_1452687535621148680', '3_1452687561160265728']}",850056246136774656,,1452714355741667329,2021-10-25 19:11:07+00:00,"{'mentions': [{'start': 3, 'end': 13, 'username': 'RhlPixels', 'id': '4152769973'}], 'hashtags': [{'start': 15, 'end': 34, 'tag': 'originalcharacters'}], 'urls': [{'start': 107, 'end': 130, 'url': 'https://t.co/XYmVUxAEup', 'expanded_url': 'https://twitter.com/RhlPixels/status/1452687770313441297/photo/1', 'display_url': 'pic.twitter.com/XYmVUxAEup'}, {'start': 107, 'end': 130, 'url': 'https://t.co/XYmVUxAEup', 'expanded_url': 'https://twitter.com/RhlPixels/status/1452687770313441297/photo/1', 'display_url': 'pic.twitter.com/XYmVUxAEup'}, {'start': 107, 'end': 130, 'url': 'https://t.co/XYmVUxAEup', 'expanded_url': 'https://twitter.com/RhlPixels/status/1452687770313441297/photo/1', 'display_url': 'pic.twitter.com/XYmVUxAEup'}, {'start': 107, 'end': 130, 'url': 'https://t.co/XYmVUxAEup', 'expanded_url': 'https://twitter.com/RhlPixels/status/1452687770313441297/photo/1', 'display_url': 'pic.twitter.com/XYmVUxAEup'}]}",,,en,"{'retweet_count': 26, 'reply_count': 0, 'like_count': 0, 'quote_count': 0}",[<ReferencedTweet id=1452687770313441297 type=retweeted],"[{'start': 15, 'end': 34, 'tag': 'originalcharacters'}]"
1452714321956392960,"RT @AxieWomensAlli: Hello world!

Our mission is to empower #women of diverse backgrounds through #Axie, P2E, and blockchain gaming.

Pleasâ€¦",,1434522441087283203,"[{'domain': {'id': '30', 'name': 'Entities [Entity Service]', 'description': 'Entity Service top level domain, every item that is in Entity Service should be in this domain'}, 'entity': {'id': '857879456773357569', 'name': 'Technology', 'description': 'Technology'}}, {'domain': {'id': '30', 'name': 'Entities [Entity Service]', 'description': 'Entity Service top level domain, every item that is in Entity Service should be in this domain'}, 'entity': {'id': '1001503516555337728', 'name': 'Blockchain', 'description': 'Blockchain'}}]",1452714321956392960,2021-10-25 19:10:59+00:00,"{'mentions': [{'start': 3, 'end': 18, 'username': 'AxieWomensAlli', 'id': '1449127339183513611'}], 'hashtags': [{'start': 60, 'end': 66, 'tag': 'women'}, {'start': 98, 'end': 103, 'tag': 'Axie'}]}",,,en,"{'retweet_count': 38, 'reply_count': 0, 'like_count': 0, 'quote_count': 0}",[<ReferencedTweet id=1449168561788829699 type=retweeted],"[{'start': 60, 'end': 66, 'tag': 'women'}, {'start': 98, 'end': 103, 'tag': 'Axie'}]"
1452714042599034887,"RT @NintiaEstate: Hello everyone! We are excited to officially announce our project to the world. Go check our website now:

https://t.co/râ€¦",,1321542504806780960,,1452714042599034887,2021-10-25 19:09:52+00:00,"{'mentions': [{'start': 3, 'end': 16, 'username': 'NintiaEstate', 'id': '1440119453384122370'}]}",,,en,"{'retweet_count': 9, 'reply_count': 0, 'like_count': 0, 'quote_count': 0}",[<ReferencedTweet id=1452489120371073024 type=retweeted],
1452713932326457346,"RT @Revolotto: Hello #Crypto World! 
#Revolotto (RVL) Next-Gen Deflationary Four-Dimensional Revolutionary Lottery Coin

Launching on PCS
Oâ€¦",,1403679025575329793,"[{'domain': {'id': '66', 'name': 'Interests and Hobbies Category', 'description': 'A grouping of interests and hobbies entities, like Novelty Food or Destinations'}, 'entity': {'id': '847888632711061504', 'name': 'Personal finance', 'description': 'Personal finance'}}, {'domain': {'id': '66', 'name': 'Interests and Hobbies Category', 'description': 'A grouping of interests and hobbies entities, like Novelty Food or Destinations'}, 'entity': {'id': '913142676819648512', 'name': 'Cryptocurrencies', 'description': 'Cryptocurrency'}}]",1452713932326457346,2021-10-25 19:09:26+00:00,"{'mentions': [{'start': 3, 'end': 13, 'username': 'Revolotto', 'id': '1408154157480042501'}], 'hashtags': [{'start': 21, 'end': 28, 'tag': 'Crypto'}, {'start': 37, 'end': 47, 'tag': 'Revolotto'}]}",,,en,"{'retweet_count': 99, 'reply_count': 0, 'like_count': 0, 'quote_count': 0}",[<ReferencedTweet id=1446259702703214593 type=retweeted],"[{'start': 21, 'end': 28, 'tag': 'Crypto'}, {'start': 37, 'end': 47, 'tag': 'Revolotto'}]"
1452713891759378435,"RT @UoBristolVolc: HELLO Twitter! The @BristolUni  Volcanology Research Group has joined the world of social media! ðŸŒ‹

Follow along as we hâ€¦",,11888852,"[{'domain': {'id': '46', 'name': 'Brand Category', 'description': 'Categories within Brand Verticals that narrow down the scope of Brands'}, 'entity': {'id': '781974596752842752', 'name': 'Services'}}, {'domain': {'id': '47', 'name': 'Brand', 'description': 'Brands and Companies'}, 'entity': {'id': '10045225402', 'name': 'Twitter'}}, {'domain': {'id': '65', 'name': 'Interests and Hobbies Vertical', 'description': 'Top level interests and hobbies groupings, like Food or Travel'}, 'entity': {'id': '854692455005921281', 'name': 'Science', 'description': 'Science'}}, {'domain': {'id': '30', 'name': 'Entities [Entity Service]', 'description': 'Entity Service top level domain, every item that is in Entity Service should be in this domain'}, 'entity': {'id': '847897009281355776', 'name': 'Geology', 'description': 'Geology'}}]",1452713891759378435,2021-10-25 19:09:16+00:00,"{'annotations': [{'start': 25, 'end': 31, 'probability': 0.567, 'type': 'Organization', 'normalized_text': 'Twitter'}, {'start': 51, 'end': 76, 'probability': 0.6745, 'type': 'Organization', 'normalized_text': 'Volcanology Research Group'}], 'mentions': [{'start': 3, 'end': 17, 'username': 'UoBristolVolc', 'id': '1452688152322260995'}, {'start': 38, 'end': 49, 'username': 'BristolUni', 'id': '24723695'}]}",,,en,"{'retweet_count': 9, 'reply_count': 0, 'like_count': 0, 'quote_count': 0}",[<ReferencedTweet id=1452694793847455753 type=retweeted],
1452713851179372551,"RT @kizlong: Hello everyone from overseas, this is kizuru!
I want Splatoon players around the world to know about me, not just in Japan, soâ€¦",,1295743216524853254,"[{'domain': {'id': '71', 'name': 'Video Game', 'description': 'A video game like Overwatch'}, 'entity': {'id': '854949050151452672', 'name': 'Splatoon', 'description': 'This entity includes all conversation about the franchise, as well as any individual installments in the series, if applicable.\t\t\t'}}]",1452713851179372551,2021-10-25 19:09:06+00:00,"{'annotations': [{'start': 66, 'end': 73, 'probability': 0.3078, 'type': 'Organization', 'normalized_text': 'Splatoon'}, {'start': 130, 'end': 134, 'probability': 0.9674, 'type': 'Place', 'normalized_text': 'Japan'}], 'mentions': [{'start': 3, 'end': 11, 'username': 'kizlong', 'id': '1399393900092002308'}]}",,,en,"{'retweet_count': 32, 'reply_count': 0, 'like_count': 0, 'quote_count': 0}",[<ReferencedTweet id=1452681742410604546 type=retweeted],
1452713796380856327,RT @nocontextsencal: @JoannaG Hello thereâ€™s a twitter tag that broke the world record for most tweeted about tv episode of all time. The taâ€¦,,1378670033983971329,"[{'domain': {'id': '46', 'name': 'Brand Category', 'description': 'Categories within Brand Verticals that narrow down the scope of Brands'}, 'entity': {'id': '781974596752842752', 'name': 'Services'}}, {'domain': {'id': '47', 'name': 'Brand', 'description': 'Brands and Companies'}, 'entity': {'id': '10045225402', 'name': 'Twitter'}}]",1452713796380856327,2021-10-25 19:08:53+00:00,"{'annotations': [{'start': 46, 'end': 52, 'probability': 0.6745, 'type': 'Product', 'normalized_text': 'twitter'}], 'mentions': [{'start': 3, 'end': 19, 'username': 'nocontextsencal', 'id': '1160232561089634305'}, {'start': 21, 'end': 29, 'username': 'JoannaG', 'id': '13010422'}]}",,,en,"{'retweet_count': 77, 'reply_count': 0, 'like_count': 0, 'quote_count': 0}",[<ReferencedTweet id=1452672595032264704 type=retweeted],
1452713658388156418,"@ENHYPEN_members Hello, Heeseung! This is my first time here. Honestly Idk what to share with you rn but here I am. First, let me say sorry for the late birthday wishes, buuut thank you for being born into this world! And thank you for being you, Lee HeeseungðŸ¥º",,1434474812844351491,"[{'domain': {'id': '10', 'name': 'Person', 'description': 'Named people in the world like Nelson Mandela'}, 'entity': {'id': '1382718053020880899', 'name': 'ENHYPEN'}}, {'domain': {'id': '10', 'name': 'Person', 'description': 'Named people in the world like Nelson Mandela'}, 'entity': {'id': '1427203537289678856', 'name': 'Heeseung'}}, {'domain': {'id': '54', 'name': 'Musician', 'description': 'A musician in the world, like Adele or Bob Dylan'}, 'entity': {'id': '1382718053020880899', 'name': 'ENHYPEN'}}, {'domain': {'id': '54', 'name': 'Musician', 'description': 'A musician in the world, like Adele or Bob Dylan'}, 'entity': {'id': '1427203537289678856', 'name': 'Heeseung'}}]",1345932530097111040,2021-10-25 19:08:20+00:00,"{'annotations': [{'start': 24, 'end': 31, 'probability': 0.6654, 'type': 'Person', 'normalized_text': 'Heeseung'}, {'start': 247, 'end': 260, 'probability': 0.9335, 'type': 'Person', 'normalized_text': 'Lee HeeseungðŸ¥º'}], 'mentions': [{'start': 0, 'end': 16, 'username': 'ENHYPEN_members', 'id': '1305893393835290624'}]}",,1305893393835290624,en,"{'retweet_count': 1, 'reply_count': 1, 'like_count': 0, 'quote_count': 0}",[<ReferencedTweet id=1345932530097111040 type=replied_to],
1452713617736962049,"RT @rifu_: @Itumade3 [EN]
Hello, Happy World! of all people https://t.co/rpbE5j1MNq",{'media_keys': ['3_1452610405071671297']},1939363458,"[{'domain': {'id': '130', 'name': 'Multimedia Franchise', 'description': ""Franchises which span multiple forms of media like 'Harry Potter'""}, 'entity': {'id': '1004022548147798016', 'name': 'BanG Dream!', 'description': 'BanG Dream!'}}]",1452713617736962049,2021-10-25 19:08:11+00:00,"{'mentions': [{'start': 3, 'end': 9, 'username': 'rifu_', 'id': '16939990'}, {'start': 11, 'end': 20, 'username': 'Itumade3', 'id': '844466868589088769'}], 'urls': [{'start': 60, 'end': 83, 'url': 'https://t.co/rpbE5j1MNq', 'expanded_url': 'https://twitter.com/rifu_/status/1452610474915237888/photo/1', 'display_url': 'pic.twitter.com/rpbE5j1MNq'}]}",,,en,"{'retweet_count': 23, 'reply_count': 0, 'like_count': 0, 'quote_count': 0}",[<ReferencedTweet id=1452610474915237888 type=retweeted],
1452713581875765253,"RT @Anton_Astrey: Hello, #Dubai!

The International Astronautical Congress opens today in the largest city in the UAE

The 72 Internationalâ€¦",,2528016373,,1452713581875765253,2021-10-25 19:08:02+00:00,"{'annotations': [{'start': 114, 'end': 116, 'probability': 0.5753, 'type': 'Place', 'normalized_text': 'UAE'}], 'mentions': [{'start': 3, 'end': 16, 'username': 'Anton_Astrey', 'id': '2325202999'}], 'hashtags': [{'start': 25, 'end': 31, 'tag': 'Dubai'}]}",,,en,"{'retweet_count': 28, 'reply_count': 0, 'like_count': 0, 'quote_count': 0}",[<ReferencedTweet id=1452616978536058887 type=retweeted],"[{'start': 25, 'end': 31, 'tag': 'Dubai'}]"
1452713500195766275,"Hello, world.",,531358747,,1452713500195766275,2021-10-25 19:07:43+00:00,,,,en,"{'retweet_count': 0, 'reply_count': 0, 'like_count': 0, 'quote_count': 0}",,
1452713435612000256,"RT @kizlong: Hello everyone from overseas, this is kizuru!
I want Splatoon players around the world to know about me, not just in Japan, soâ€¦",,4874364310,"[{'domain': {'id': '71', 'name': 'Video Game', 'description': 'A video game like Overwatch'}, 'entity': {'id': '854949050151452672', 'name': 'Splatoon', 'description': 'This entity includes all conversation about the franchise, as well as any individual installments in the series, if applicable.\t\t\t'}}]",1452713435612000256,2021-10-25 19:07:27+00:00,"{'annotations': [{'start': 66, 'end': 73, 'probability': 0.3078, 'type': 'Organization', 'normalized_text': 'Splatoon'}, {'start': 130, 'end': 134, 'probability': 0.9674, 'type': 'Place', 'normalized_text': 'Japan'}], 'mentions': [{'start': 3, 'end': 11, 'username': 'kizlong', 'id': '1399393900092002308'}]}",,,en,"{'retweet_count': 32, 'reply_count': 0, 'like_count': 0, 'quote_count': 0}",[<ReferencedTweet id=1452681742410604546 type=retweeted],
1452713407300374530,"RT @UoBristolVolc: HELLO Twitter! The @BristolUni  Volcanology Research Group has joined the world of social media! ðŸŒ‹

Follow along as we hâ€¦",,307005530,"[{'domain': {'id': '46', 'name': 'Brand Category', 'description': 'Categories within Brand Verticals that narrow down the scope of Brands'}, 'entity': {'id': '781974596752842752', 'name': 'Services'}}, {'domain': {'id': '47', 'name': 'Brand', 'description': 'Brands and Companies'}, 'entity': {'id': '10045225402', 'name': 'Twitter'}}, {'domain': {'id': '65', 'name': 'Interests and Hobbies Vertical', 'description': 'Top level interests and hobbies groupings, like Food or Travel'}, 'entity': {'id': '854692455005921281', 'name': 'Science', 'description': 'Science'}}, {'domain': {'id': '30', 'name': 'Entities [Entity Service]', 'description': 'Entity Service top level domain, every item that is in Entity Service should be in this domain'}, 'entity': {'id': '847897009281355776', 'name': 'Geology', 'description': 'Geology'}}]",1452713407300374530,2021-10-25 19:07:21+00:00,"{'annotations': [{'start': 25, 'end': 31, 'probability': 0.567, 'type': 'Organization', 'normalized_text': 'Twitter'}, {'start': 51, 'end': 76, 'probability': 0.6745, 'type': 'Organization', 'normalized_text': 'Volcanology Research Group'}], 'mentions': [{'start': 3, 'end': 17, 'username': 'UoBristolVolc', 'id': '1452688152322260995'}, {'start': 38, 'end': 49, 'username': 'BristolUni', 'id': '24723695'}]}",,,en,"{'retweet_count': 9, 'reply_count': 0, 'like_count': 0, 'quote_count': 0}",[<ReferencedTweet id=1452694793847455753 type=retweeted],
1452713332582977536,RT @RareVerse: Hello World,,1413762101244428293,"[{'domain': {'id': '45', 'name': 'Brand Vertical', 'description': 'Top level entities that describe a Brands industry'}, 'entity': {'id': '781974596148793345', 'name': 'Business & finance'}}, {'domain': {'id': '46', 'name': 'Brand Category', 'description': 'Categories within Brand Verticals that narrow down the scope of Brands'}, 'entity': {'id': '781974596794716162', 'name': 'Financial services'}}, {'domain': {'id': '47', 'name': 'Brand', 'description': 'Brands and Companies'}, 'entity': {'id': '1007361429752594432', 'name': 'Ethereum cryptocurrency', 'description': 'Ethereum Cryptocurrency'}}, {'domain': {'id': '66', 'name': 'Interests and Hobbies Category', 'description': 'A grouping of interests and hobbies entities, like Novelty Food or Destinations'}, 'entity': {'id': '847888632711061504', 'name': 'Personal finance', 'description': 'Personal finance'}}, {'domain': {'id': '66', 'name': 'Interests and Hobbies Category', 'description': 'A grouping of interests and hobbies entities, like Novelty Food or Destinations'}, 'entity': {'id': '913142676819648512', 'name': 'Cryptocurrencies', 'description': 'Cryptocurrency'}}]",1452713332582977536,2021-10-25 19:07:03+00:00,"{'mentions': [{'start': 3, 'end': 13, 'username': 'RareVerse', 'id': '1432943605866549249'}]}",,,en,"{'retweet_count': 4, 'reply_count': 0, 'like_count': 0, 'quote_count': 0}",[<ReferencedTweet id=1452547134012669956 type=retweeted],
1452713319916208132,"Hello, world! Are you ready for us? ;)

#crypto #NFT #NFTs #nftcollector #NFTCommmunity",,1407817633219723264,"[{'domain': {'id': '45', 'name': 'Brand Vertical', 'description': 'Top level entities that describe a Brands industry'}, 'entity': {'id': '781974596148793345', 'name': 'Business & finance'}}, {'domain': {'id': '66', 'name': 'Interests and Hobbies Category', 'description': 'A grouping of interests and hobbies entities, like Novelty Food or Destinations'}, 'entity': {'id': '847888632711061504', 'name': 'Personal finance', 'description': 'Personal finance'}}, {'domain': {'id': '66', 'name': 'Interests and Hobbies Category', 'description': 'A grouping of interests and hobbies entities, like Novelty Food or Destinations'}, 'entity': {'id': '913142676819648512', 'name': 'Cryptocurrencies', 'description': 'Cryptocurrency'}}, {'domain': {'id': '67', 'name': 'Interests and Hobbies', 'description': 'Interests, opinions, and behaviors of individuals, groups, or cultures; like Speciality Cooking or Theme Parks'}, 'entity': {'id': '847894353708068864', 'name': 'Investing', 'description': 'Investing'}}]",1452713319916208132,2021-10-25 19:07:00+00:00,"{'hashtags': [{'start': 40, 'end': 47, 'tag': 'crypto'}, {'start': 48, 'end': 52, 'tag': 'NFT'}, {'start': 53, 'end': 58, 'tag': 'NFTs'}, {'start': 59, 'end': 72, 'tag': 'nftcollector'}, {'start': 73, 'end': 87, 'tag': 'NFTCommmunity'}]}",,,en,"{'retweet_count': 0, 'reply_count': 0, 'like_count': 0, 'quote_count': 0}",,"[{'start': 40, 'end': 47, 'tag': 'crypto'}, {'start': 48, 'end': 52, 'tag': 'NFT'}, {'start': 53, 'end': 58, 'tag': 'NFTs'}, {'start': 59, 'end': 72, 'tag': 'nftcollector'}, {'start': 73, 'end': 87, 'tag': 'NFTCommmunity'}]"
1452713266891968515,"RT @bartolomeobari2: Hello world! Nagatoro and Sempai are here) and a new pic is in progress. 
-
Support my work on https://t.co/62pROyPxRPâ€¦",,918741941466140673,,1452713266891968515,2021-10-25 19:06:47+00:00,"{'annotations': [{'start': 34, 'end': 41, 'probability': 0.7209, 'type': 'Person', 'normalized_text': 'Nagatoro'}, {'start': 47, 'end': 52, 'probability': 0.8599, 'type': 'Person', 'normalized_text': 'Sempai'}], 'mentions': [{'start': 3, 'end': 19, 'username': 'bartolomeobari2', 'id': '1084394351965417472'}], 'urls': [{'start': 116, 'end': 139, 'url': 'https://t.co/62pROyPxRP', 'expanded_url': 'http://patreon.com/Bartolomeobari', 'display_url': 'patreon.com/Bartolomeobari'}]}",,,en,"{'retweet_count': 4465, 'reply_count': 0, 'like_count': 0, 'quote_count': 0}",[<ReferencedTweet id=1297719120222457856 type=retweeted],
1452713223032090625,The beginning of boat boys! Hello world.,,1452711882364706830,,1452713223032090625,2021-10-25 19:06:37+00:00,,,,en,"{'retweet_count': 0, 'reply_count': 0, 'like_count': 0, 'quote_count': 0}",,
1452713163317661699,"@POTUS Hello World, I am aR. I am a Professional Logo Designer. I also specialize in creating concepts for social media branding, packaging, illustration, and website design. I am looking forward to aiding you on your journey to bring more awareness to your brand! https://t.co/iHvKn834Cn",{'media_keys': ['3_1452713145441546240']},1418094486035435521,"[{'domain': {'id': '66', 'name': 'Interests and Hobbies Category', 'description': 'A grouping of interests and hobbies entities, like Novelty Food or Destinations'}, 'entity': {'id': '857879016971186177', 'name': 'Marketing', 'description': 'Marketing'}}, {'domain': {'id': '10', 'name': 'Person', 'description': 'Named people in the world like Nelson Mandela'}, 'entity': {'id': '10040395078', 'name': 'Joe Biden', 'description': 'US President Joe Biden'}}, {'domain': {'id': '35', 'name': 'Politician', 'description': 'Politicians in the world, like Joe Biden'}, 'entity': {'id': '10040395078', 'name': 'Joe Biden', 'description': 'US President Joe Biden'}}]",1452703454527467524,2021-10-25 19:06:22+00:00,"{'mentions': [{'start': 0, 'end': 6, 'username': 'POTUS', 'id': '1349149096909668363'}], 'urls': [{'start': 265, 'end': 288, 'url': 'https://t.co/iHvKn834Cn', 'expanded_url': 'https://twitter.com/ArifaAk98595439/status/1452713163317661699/photo/1', 'display_url': 'pic.twitter.com/iHvKn834Cn'}]}",,1349149096909668363,en,"{'retweet_count': 0, 'reply_count': 0, 'like_count': 0, 'quote_count': 0}",[<ReferencedTweet id=1452703454527467524 type=replied_to],
1452713003363799046,RT @nocontextsencal: @JoannaG Hello thereâ€™s a twitter tag that broke the world record for most tweeted about tv episode of all time. The taâ€¦,,57015368,"[{'domain': {'id': '46', 'name': 'Brand Category', 'description': 'Categories within Brand Verticals that narrow down the scope of Brands'}, 'entity': {'id': '781974596752842752', 'name': 'Services'}}, {'domain': {'id': '47', 'name': 'Brand', 'description': 'Brands and Companies'}, 'entity': {'id': '10045225402', 'name': 'Twitter'}}]",1452713003363799046,2021-10-25 19:05:44+00:00,"{'annotations': [{'start': 46, 'end': 52, 'probability': 0.6745, 'type': 'Product', 'normalized_text': 'twitter'}], 'mentions': [{'start': 3, 'end': 19, 'username': 'nocontextsencal', 'id': '1160232561089634305'}, {'start': 21, 'end': 29, 'username': 'JoannaG', 'id': '13010422'}]}",,,en,"{'retweet_count': 77, 'reply_count': 0, 'like_count': 0, 'quote_count': 0}",[<ReferencedTweet id=1452672595032264704 type=retweeted],
1452712951375441920,"RT @Humanity_Vo: Hello WorldðŸŒŽ
We have started our 3rd gogetfunding page to raise Â£10,000 as ""Emergency Appeal To Fight Famine In #Yemen"". #â€¦",,902596925123330054,,1452712951375441920,2021-10-25 19:05:32+00:00,"{'mentions': [{'start': 3, 'end': 15, 'username': 'Humanity_Vo', 'id': '2552935555'}], 'hashtags': [{'start': 129, 'end': 135, 'tag': 'Yemen'}]}",,,en,"{'retweet_count': 857, 'reply_count': 0, 'like_count': 0, 'quote_count': 0}",[<ReferencedTweet id=1334141244474322944 type=retweeted],"[{'start': 129, 'end': 135, 'tag': 'Yemen'}]"
1452712943594840064,"@NFTprime1 Hello guys ðŸ‘‹

Just a reminder have u prepare your army?âš ï¸âš ï¸

If u dont, come visit my underworld, my goblins is ready to take control, come take your favorite one, and let's attack of all around the world together
ðŸ”¥ðŸ”¥ðŸ’€ðŸ’€

https://t.co/mMQ5fOFx27",,1285389126271766529,,1452586164976824320,2021-10-25 19:05:30+00:00,"{'mentions': [{'start': 0, 'end': 10, 'username': 'NFTprime1', 'id': '1384472999362011140'}], 'urls': [{'start': 231, 'end': 254, 'url': 'https://t.co/mMQ5fOFx27', 'expanded_url': 'https://twitter.com/1m_a_lemon/status/1452332951081996292?t=Gz957_yxubhsqkdC7-VIAw&s=19', 'display_url': 'twitter.com/1m_a_lemon/staâ€¦'}]}",,1384472999362011140,en,"{'retweet_count': 0, 'reply_count': 0, 'like_count': 0, 'quote_count': 0}","[<ReferencedTweet id=1452332951081996292 type=quoted, <ReferencedTweet id=1452586164976824320 type=replied_to]",
1452712906517143552,"@tezoodle Hello guys ðŸ‘‹

Just a reminder have u prepare your army?âš ï¸âš ï¸

If u dont, come visit my underworld, my goblins is ready to take control, come take your favorite one, and let's attack of all around the world together
ðŸ”¥ðŸ”¥ðŸ’€ðŸ’€

https://t.co/mMQ5fOFx27",,1285389126271766529,,1452395912681201664,2021-10-25 19:05:21+00:00,"{'mentions': [{'start': 0, 'end': 9, 'username': 'tezoodle', 'id': '1447695377356967936'}], 'urls': [{'start': 230, 'end': 253, 'url': 'https://t.co/mMQ5fOFx27', 'expanded_url': 'https://twitter.com/1m_a_lemon/status/1452332951081996292?t=Gz957_yxubhsqkdC7-VIAw&s=19', 'display_url': 'twitter.com/1m_a_lemon/staâ€¦'}]}",,1447695377356967936,en,"{'retweet_count': 0, 'reply_count': 0, 'like_count': 0, 'quote_count': 0}","[<ReferencedTweet id=1452332951081996292 type=quoted, <ReferencedTweet id=1452395912681201664 type=replied_to]",
1452712905166581761,RT @SaffronSalim: Hello @cricbuzz youâ€™ve readers/viewers from around the world. &amp; your team includes analysts &amp; former players from aroundâ€¦,,1435430974259486731,"[{'domain': {'id': '6', 'name': 'Sports Event'}, 'entity': {'id': '1437805861632573441', 'name': 'India vs Pakistan'}}, {'domain': {'id': '11', 'name': 'Sport', 'description': 'Types of sports, like soccer and basketball'}, 'entity': {'id': '897814293395103744', 'name': 'Cricket'}}, {'domain': {'id': '12', 'name': 'Sports Team', 'description': 'A sports team organization, like Arsenal and the Boston Celtics'}, 'entity': {'id': '897814234498686976', 'name': 'Pakistan'}}, {'domain': {'id': '12', 'name': 'Sports Team', 'description': 'A sports team organization, like Arsenal and the Boston Celtics'}, 'entity': {'id': '897814278568161280', 'name': 'India'}}, {'domain': {'id': '26', 'name': 'Sports League', 'description': ''}, 'entity': {'id': '1437802949418229761', 'name': ""ICC Men's T20 World Cup""}}]",1452712905166581761,2021-10-25 19:05:21+00:00,"{'mentions': [{'start': 3, 'end': 16, 'username': 'SaffronSalim', 'id': '792573624960086016'}, {'start': 24, 'end': 33, 'username': 'cricbuzz', 'id': '14251256'}]}",,,en,"{'retweet_count': 6, 'reply_count': 0, 'like_count': 0, 'quote_count': 0}",[<ReferencedTweet id=1452607275315695626 type=retweeted],
1452712835507576833,"@MrNFT10 Hello guys ðŸ‘‹

Just a reminder have u prepare your army?âš ï¸âš ï¸

If u dont, come visit my underworld, my goblins is ready to take control, come take your favorite one, and let's attack of all around the world together
ðŸ”¥ðŸ”¥ðŸ’€ðŸ’€

https://t.co/mMQ5fOFx27",,1285389126271766529,,1452524614882635778,2021-10-25 19:05:04+00:00,"{'mentions': [{'start': 0, 'end': 8, 'username': 'MrNFT10', 'id': '1435558725419479041'}], 'urls': [{'start': 229, 'end': 252, 'url': 'https://t.co/mMQ5fOFx27', 'expanded_url': 'https://twitter.com/1m_a_lemon/status/1452332951081996292?t=Gz957_yxubhsqkdC7-VIAw&s=19', 'display_url': 'twitter.com/1m_a_lemon/staâ€¦'}]}",,1435558725419479041,en,"{'retweet_count': 0, 'reply_count': 0, 'like_count': 0, 'quote_count': 0}","[<ReferencedTweet id=1452332951081996292 type=quoted, <ReferencedTweet id=1452524614882635778 type=replied_to]",
1452712802859171848,"@faloopzzz @onhicetnunc Hello guys ðŸ‘‹

Just a reminder have u prepare your army?âš ï¸âš ï¸

If u dont, come visit my underworld, my goblins is ready to take control, come take your favorite one, and let's attack of all around the world together
ðŸ”¥ðŸ”¥ðŸ’€ðŸ’€

https://t.co/mMQ5fOFx27",,1285389126271766529,,1452667677965791246,2021-10-25 19:04:56+00:00,"{'mentions': [{'start': 0, 'end': 10, 'username': 'faloopzzz', 'id': '1445207072321179656'}, {'start': 11, 'end': 23, 'username': 'onhicetnunc', 'id': '1381198311303053313'}], 'urls': [{'start': 244, 'end': 267, 'url': 'https://t.co/mMQ5fOFx27', 'expanded_url': 'https://twitter.com/1m_a_lemon/status/1452332951081996292?t=Gz957_yxubhsqkdC7-VIAw&s=19', 'display_url': 'twitter.com/1m_a_lemon/staâ€¦'}]}",,1445207072321179656,en,"{'retweet_count': 0, 'reply_count': 0, 'like_count': 0, 'quote_count': 0}","[<ReferencedTweet id=1452332951081996292 type=quoted, <ReferencedTweet id=1452667677965791246 type=replied_to]",
1452712780679847940,RT @fatboyznft: Hello World!,,1088929463843344384,,1452712780679847940,2021-10-25 19:04:51+00:00,"{'mentions': [{'start': 3, 'end': 14, 'username': 'fatboyznft', 'id': '1452019407069356036'}]}",,,en,"{'retweet_count': 2, 'reply_count': 0, 'like_count': 0, 'quote_count': 0}",[<ReferencedTweet id=1452591379545268225 type=retweeted],
1452712755048300546,hello world #mybot,,63043902,,1452712755048300546,2021-10-25 19:04:45+00:00,"{'hashtags': [{'start': 12, 'end': 18, 'tag': 'mybot'}]}",,,en,"{'retweet_count': 0, 'reply_count': 0, 'like_count': 0, 'quote_count': 0}",,"[{'start': 12, 'end': 18, 'tag': 'mybot'}]"
1452712743367106560,"@AnimeGirlsNFTs Hello guys ðŸ‘‹

Just a reminder have u prepare your army?âš ï¸âš ï¸

If u dont, come visit my underworld, my goblins is ready to take control, come take your favorite one, and let's attack of all around the world together
ðŸ”¥ðŸ”¥ðŸ’€ðŸ’€

https://t.co/mMQ5fOFx27",,1285389126271766529,,1452657976662237185,2021-10-25 19:04:42+00:00,"{'mentions': [{'start': 0, 'end': 15, 'username': 'AnimeGirlsNFTs', 'id': '1450720597789532160'}], 'urls': [{'start': 236, 'end': 259, 'url': 'https://t.co/mMQ5fOFx27', 'expanded_url': 'https://twitter.com/1m_a_lemon/status/1452332951081996292?t=Gz957_yxubhsqkdC7-VIAw&s=19', 'display_url': 'twitter.com/1m_a_lemon/staâ€¦'}]}",,1450720597789532160,en,"{'retweet_count': 0, 'reply_count': 0, 'like_count': 0, 'quote_count': 0}","[<ReferencedTweet id=1452332951081996292 type=quoted, <ReferencedTweet id=1452657976662237185 type=replied_to]",
1452712730461409288,RT @GremlintheFloof: Hello twitter.. after the excitement of being #catoftheday today..I thought it was about time I shared my floofy magniâ€¦,,1329819516117856258,"[{'domain': {'id': '46', 'name': 'Brand Category', 'description': 'Categories within Brand Verticals that narrow down the scope of Brands'}, 'entity': {'id': '781974596752842752', 'name': 'Services'}}, {'domain': {'id': '47', 'name': 'Brand', 'description': 'Brands and Companies'}, 'entity': {'id': '10045225402', 'name': 'Twitter'}}, {'domain': {'id': '65', 'name': 'Interests and Hobbies Vertical', 'description': 'Top level interests and hobbies groupings, like Food or Travel'}, 'entity': {'id': '852262932607926273', 'name': 'Pets', 'description': 'Pets'}}, {'domain': {'id': '30', 'name': 'Entities [Entity Service]', 'description': 'Entity Service top level domain, every item that is in Entity Service should be in this domain'}, 'entity': {'id': '852263859209478144', 'name': 'Cats', 'description': 'Cats'}}]",1452712730461409288,2021-10-25 19:04:39+00:00,"{'annotations': [{'start': 27, 'end': 33, 'probability': 0.4216, 'type': 'Product', 'normalized_text': 'twitter'}], 'mentions': [{'start': 3, 'end': 19, 'username': 'GremlintheFloof', 'id': '1452708303134461958'}], 'hashtags': [{'start': 67, 'end': 79, 'tag': 'catoftheday'}]}",,,en,"{'retweet_count': 2, 'reply_count': 0, 'like_count': 0, 'quote_count': 0}",[<ReferencedTweet id=1452711371670441992 type=retweeted],"[{'start': 67, 'end': 79, 'tag': 'catoftheday'}]"
1452712691718631429,"RT @UoBristolVolc: HELLO Twitter! The @BristolUni  Volcanology Research Group has joined the world of social media! ðŸŒ‹

Follow along as we hâ€¦",,820412423874220032,"[{'domain': {'id': '46', 'name': 'Brand Category', 'description': 'Categories within Brand Verticals that narrow down the scope of Brands'}, 'entity': {'id': '781974596752842752', 'name': 'Services'}}, {'domain': {'id': '47', 'name': 'Brand', 'description': 'Brands and Companies'}, 'entity': {'id': '10045225402', 'name': 'Twitter'}}, {'domain': {'id': '65', 'name': 'Interests and Hobbies Vertical', 'description': 'Top level interests and hobbies groupings, like Food or Travel'}, 'entity': {'id': '854692455005921281', 'name': 'Science', 'description': 'Science'}}, {'domain': {'id': '30', 'name': 'Entities [Entity Service]', 'description': 'Entity Service top level domain, every item that is in Entity Service should be in this domain'}, 'entity': {'id': '847897009281355776', 'name': 'Geology', 'description': 'Geology'}}]",1452712691718631429,2021-10-25 19:04:30+00:00,"{'annotations': [{'start': 25, 'end': 31, 'probability': 0.567, 'type': 'Organization', 'normalized_text': 'Twitter'}, {'start': 51, 'end': 76, 'probability': 0.6745, 'type': 'Organization', 'normalized_text': 'Volcanology Research Group'}], 'mentions': [{'start': 3, 'end': 17, 'username': 'UoBristolVolc', 'id': '1452688152322260995'}, {'start': 38, 'end': 49, 'username': 'BristolUni', 'id': '24723695'}]}",,,en,"{'retweet_count': 9, 'reply_count': 0, 'like_count': 0, 'quote_count': 0}",[<ReferencedTweet id=1452694793847455753 type=retweeted],
1452712666783313920,"@Hic_et_ Hello guys ðŸ‘‹

Just a reminder have u prepare your army?âš ï¸âš ï¸

If u dont, come visit my underworld, my goblins is ready to take control, come take your favorite one, and let's attack of all around the world together
ðŸ”¥ðŸ”¥ðŸ’€ðŸ’€

https://t.co/mMQ5fOFx27",,1285389126271766529,,1452677058006487059,2021-10-25 19:04:24+00:00,"{'mentions': [{'start': 0, 'end': 8, 'username': 'Hic_et_', 'id': '1442888936674639872'}], 'urls': [{'start': 229, 'end': 252, 'url': 'https://t.co/mMQ5fOFx27', 'expanded_url': 'https://twitter.com/1m_a_lemon/status/1452332951081996292?t=Gz957_yxubhsqkdC7-VIAw&s=19', 'display_url': 'twitter.com/1m_a_lemon/staâ€¦'}]}",,1442888936674639872,en,"{'retweet_count': 0, 'reply_count': 0, 'like_count': 0, 'quote_count': 0}","[<ReferencedTweet id=1452332951081996292 type=quoted, <ReferencedTweet id=1452677058006487059 type=replied_to]",
1452712627881263121,Hello @glazers big penchester United fan here ole is a world class manager he is a tactical genius we want him to be backed by you guys and we want a new 5 year contract #olein,,1320046241980493834,,1452712627881263121,2021-10-25 19:04:15+00:00,"{'annotations': [{'start': 30, 'end': 35, 'probability': 0.6695, 'type': 'Organization', 'normalized_text': 'United'}], 'mentions': [{'start': 6, 'end': 14, 'username': 'glazers', 'id': '11117902'}], 'hashtags': [{'start': 170, 'end': 176, 'tag': 'olein'}]}",,,en,"{'retweet_count': 0, 'reply_count': 1, 'like_count': 1, 'quote_count': 0}",,"[{'start': 170, 'end': 176, 'tag': 'olein'}]"
1452712498612813836,"RT @TheCryptoCrocs: Hello #NFTCommunity / #NFTCollectors ðŸ‘‹

My son and I have created a quick video to introduce the #CryptoCroc #NFT colleâ€¦",,968980479683780608,"[{'domain': {'id': '45', 'name': 'Brand Vertical', 'description': 'Top level entities that describe a Brands industry'}, 'entity': {'id': '781974596148793345', 'name': 'Business & finance'}}, {'domain': {'id': '66', 'name': 'Interests and Hobbies Category', 'description': 'A grouping of interests and hobbies entities, like Novelty Food or Destinations'}, 'entity': {'id': '913142676819648512', 'name': 'Cryptocurrencies', 'description': 'Cryptocurrency'}}, {'domain': {'id': '67', 'name': 'Interests and Hobbies', 'description': 'Interests, opinions, and behaviors of individuals, groups, or cultures; like Speciality Cooking or Theme Parks'}, 'entity': {'id': '847894353708068864', 'name': 'Investing', 'description': 'Investing'}}]",1452712498612813836,2021-10-25 19:03:44+00:00,"{'mentions': [{'start': 3, 'end': 18, 'username': 'TheCryptoCrocs', 'id': '1434088813387714561'}], 'hashtags': [{'start': 26, 'end': 39, 'tag': 'NFTCommunity'}, {'start': 42, 'end': 56, 'tag': 'NFTCollectors'}, {'start': 117, 'end': 128, 'tag': 'CryptoCroc'}, {'start': 129, 'end': 133, 'tag': 'NFT'}]}",,,en,"{'retweet_count': 5, 'reply_count': 0, 'like_count': 0, 'quote_count': 0}",[<ReferencedTweet id=1452690265244852230 type=retweeted],"[{'start': 26, 'end': 39, 'tag': 'NFTCommunity'}, {'start': 42, 'end': 56, 'tag': 'NFTCollectors'}, {'start': 117, 'end': 128, 'tag': 'CryptoCroc'}, {'start': 129, 'end': 133, 'tag': 'NFT'}]"
1452712427062284298,"@JesseDorogusker Hello, how are you? I would like to know a little more about mining and bitcoin to earn a little money as you say, I think it is important to learn because it will be part of the future of the global world as you say",,1083940288031326208,"[{'domain': {'id': '45', 'name': 'Brand Vertical', 'description': 'Top level entities that describe a Brands industry'}, 'entity': {'id': '781974596148793345', 'name': 'Business & finance'}}, {'domain': {'id': '46', 'name': 'Brand Category', 'description': 'Categories within Brand Verticals that narrow down the scope of Brands'}, 'entity': {'id': '781974596794716162', 'name': 'Financial services'}}, {'domain': {'id': '47', 'name': 'Brand', 'description': 'Brands and Companies'}, 'entity': {'id': '1007360414114435072', 'name': 'Bitcoin cryptocurrency', 'description': 'Bitcoin Cryptocurrency'}}, {'domain': {'id': '66', 'name': 'Interests and Hobbies Category', 'description': 'A grouping of interests and hobbies entities, like Novelty Food or Destinations'}, 'entity': {'id': '847888632711061504', 'name': 'Personal finance', 'description': 'Personal finance'}}, {'domain': {'id': '66', 'name': 'Interests and Hobbies Category', 'description': 'A grouping of interests and hobbies entities, like Novelty Food or Destinations'}, 'entity': {'id': '913142676819648512', 'name': 'Cryptocurrencies', 'description': 'Cryptocurrency'}}]",1448896444912451589,2021-10-25 19:03:27+00:00,"{'mentions': [{'start': 0, 'end': 16, 'username': 'JesseDorogusker', 'id': '388951125'}]}",,388951125,en,"{'retweet_count': 0, 'reply_count': 0, 'like_count': 0, 'quote_count': 0}",[<ReferencedTweet id=1448896444912451589 type=replied_to],
1452712328148004868,"RT @HMINGO0: HELLO #NFT WORLD! 

I just minted my first ever NFT artwork, itâ€™s for sale over on @hicetnunc2000 â˜„ï¸   

5/5  editions, find iâ€¦",,2802500066,"[{'domain': {'id': '45', 'name': 'Brand Vertical', 'description': 'Top level entities that describe a Brands industry'}, 'entity': {'id': '781974596148793345', 'name': 'Business & finance'}}, {'domain': {'id': '66', 'name': 'Interests and Hobbies Category', 'description': 'A grouping of interests and hobbies entities, like Novelty Food or Destinations'}, 'entity': {'id': '913142676819648512', 'name': 'Cryptocurrencies', 'description': 'Cryptocurrency'}}, {'domain': {'id': '67', 'name': 'Interests and Hobbies', 'description': 'Interests, opinions, and behaviors of individuals, groups, or cultures; like Speciality Cooking or Theme Parks'}, 'entity': {'id': '847894353708068864', 'name': 'Investing', 'description': 'Investing'}}]",1452712328148004868,2021-10-25 19:03:03+00:00,"{'mentions': [{'start': 3, 'end': 11, 'username': 'HMINGO0', 'id': '2802500066'}, {'start': 96, 'end': 110, 'username': 'hicetnunc2000', 'id': '1232809376261517313'}], 'hashtags': [{'start': 19, 'end': 23, 'tag': 'NFT'}]}",,,en,"{'retweet_count': 3, 'reply_count': 0, 'like_count': 0, 'quote_count': 0}",[<ReferencedTweet id=1452342123588632576 type=retweeted],"[{'start': 19, 'end': 23, 'tag': 'NFT'}]"
1452712241984385035,RT @nocontextsencal: @JoannaG Hello thereâ€™s a twitter tag that broke the world record for most tweeted about tv episode of all time. The taâ€¦,,331575752,"[{'domain': {'id': '46', 'name': 'Brand Category', 'description': 'Categories within Brand Verticals that narrow down the scope of Brands'}, 'entity': {'id': '781974596752842752', 'name': 'Services'}}, {'domain': {'id': '47', 'name': 'Brand', 'description': 'Brands and Companies'}, 'entity': {'id': '10045225402', 'name': 'Twitter'}}]",1452712241984385035,2021-10-25 19:02:43+00:00,"{'annotations': [{'start': 46, 'end': 52, 'probability': 0.6745, 'type': 'Product', 'normalized_text': 'twitter'}], 'mentions': [{'start': 3, 'end': 19, 'username': 'nocontextsencal', 'id': '1160232561089634305'}, {'start': 21, 'end': 29, 'username': 'JoannaG', 'id': '13010422'}]}",,,en,"{'retweet_count': 77, 'reply_count': 0, 'like_count': 0, 'quote_count': 0}",[<ReferencedTweet id=1452672595032264704 type=retweeted],
1452712223516749825,RT @ssayrapimentel: just me and my hello kitty mirror against the world &lt;3 https://t.co/XJxt3wWZuQ,"{'media_keys': ['3_1452512673376059396', '3_1452512673371807747']}",1017120802221613056,"[{'domain': {'id': '10', 'name': 'Person', 'description': 'Named people in the world like Nelson Mandela'}, 'entity': {'id': '1443277565393719296', 'name': 'Hello Kitty'}}, {'domain': {'id': '47', 'name': 'Brand', 'description': 'Brands and Companies'}, 'entity': {'id': '1443277565393719296', 'name': 'Hello Kitty'}}, {'domain': {'id': '122', 'name': 'Fictional Character', 'description': 'A person or other being in a narrative work of art, like Tom Sawyer or Jon Snow'}, 'entity': {'id': '1443277565393719296', 'name': 'Hello Kitty'}}]",1452712223516749825,2021-10-25 19:02:38+00:00,"{'mentions': [{'start': 3, 'end': 18, 'username': 'ssayrapimentel', 'id': '1885349911'}], 'urls': [{'start': 78, 'end': 101, 'url': 'https://t.co/XJxt3wWZuQ', 'expanded_url': 'https://twitter.com/ssayrapimentel/status/1452512684956524544/photo/1', 'display_url': 'pic.twitter.com/XJxt3wWZuQ'}, {'start': 78, 'end': 101, 'url': 'https://t.co/XJxt3wWZuQ', 'expanded_url': 'https://twitter.com/ssayrapimentel/status/1452512684956524544/photo/1', 'display_url': 'pic.twitter.com/XJxt3wWZuQ'}]}",,,en,"{'retweet_count': 9, 'reply_count': 0, 'like_count': 0, 'quote_count': 0}",[<ReferencedTweet id=1452512684956524544 type=retweeted],
1452712089370435591,"RT @TheGreysChannel: Hello world! We are on the air. Is anybody listen us? 
Hi Earth! We are on the air! 
#TheGreysChannel #TheGreys 
httpsâ€¦",,1116999571861905408,,1452712089370435591,2021-10-25 19:02:06+00:00,"{'mentions': [{'start': 3, 'end': 19, 'username': 'TheGreysChannel', 'id': '1452699644472004613'}], 'hashtags': [{'start': 106, 'end': 122, 'tag': 'TheGreysChannel'}, {'start': 123, 'end': 132, 'tag': 'TheGreys'}]}",,,en,"{'retweet_count': 2, 'reply_count': 0, 'like_count': 0, 'quote_count': 0}",[<ReferencedTweet id=1452707863940448263 type=retweeted],"[{'start': 106, 'end': 122, 'tag': 'TheGreysChannel'}, {'start': 123, 'end': 132, 'tag': 'TheGreys'}]"
1452711977403437072,"You know you're a S&amp;C coach when upgrading safety clips gets you excited. 

Goodbye Ol Metal Grip Trainers, Hello Modern World. https://t.co/lWumYKLbOn",{'media_keys': ['3_1452711975159541763']},712702462814265344,,1452711977403437072,2021-10-25 19:01:40+00:00,"{'urls': [{'start': 132, 'end': 155, 'url': 'https://t.co/lWumYKLbOn', 'expanded_url': 'https://twitter.com/CoachRGarner/status/1452711977403437072/photo/1', 'display_url': 'pic.twitter.com/lWumYKLbOn'}]}",,,en,"{'retweet_count': 0, 'reply_count': 0, 'like_count': 2, 'quote_count': 0}",,
1452711943169400834,"RT @jaemincarts: ðŸ‡²ðŸ‡¾ only 

hello this is out from kpop world but pls help rt i wts ipad air 1 32gb wifi only for rm600 including postage ðŸ¥ºðŸ¥ºâ€¦",,1445352091833176068,"[{'domain': {'id': '47', 'name': 'Brand', 'description': 'Brands and Companies'}, 'entity': {'id': '10026364281', 'name': 'Apple'}}, {'domain': {'id': '48', 'name': 'Product', 'description': 'Products created by Brands.  Examples: Ford Explorer, Apple iPhone.'}, 'entity': {'id': '972153731067273222', 'name': 'Apple iPad', 'description': 'Apple iPad'}}, {'domain': {'id': '65', 'name': 'Interests and Hobbies Vertical', 'description': 'Top level interests and hobbies groupings, like Food or Travel'}, 'entity': {'id': '848920371311001600', 'name': 'Technology', 'description': 'Technology and computing'}}, {'domain': {'id': '30', 'name': 'Entities [Entity Service]', 'description': 'Entity Service top level domain, every item that is in Entity Service should be in this domain'}, 'entity': {'id': '1148689566112477184', 'name': 'Wi-Fi'}}, {'domain': {'id': '55', 'name': 'Music Genre', 'description': 'A category for a musical style, like Pop, Rock, or Rap'}, 'entity': {'id': '888105153038958593', 'name': 'K-pop', 'description': 'K-Pop'}}]",1452711943169400834,2021-10-25 19:01:31+00:00,"{'mentions': [{'start': 3, 'end': 15, 'username': 'jaemincarts', 'id': '1365011744637132800'}]}",,,en,"{'retweet_count': 53, 'reply_count': 0, 'like_count': 0, 'quote_count': 0}",[<ReferencedTweet id=1452487657947160583 type=retweeted],
1452711823589797889,"""Hello, world.""",,1181182578,,1452711823589797889,2021-10-25 19:01:03+00:00,,,,en,"{'retweet_count': 0, 'reply_count': 0, 'like_count': 0, 'quote_count': 0}",,
1452711817931902978,RT @1_LoveLiberty: Hello World ! I'm 15 minutes old ðŸ¥°ðŸ’™ https://t.co/vfkgZjVeCY,{'media_keys': ['3_1452584689408040963']},1264574549548503044,,1452711817931902978,2021-10-25 19:01:02+00:00,"{'mentions': [{'start': 3, 'end': 17, 'username': '1_LoveLiberty', 'id': '2924434627'}], 'urls': [{'start': 55, 'end': 78, 'url': 'https://t.co/vfkgZjVeCY', 'expanded_url': 'https://twitter.com/1_LoveLiberty/status/1452584726972207106/photo/1', 'display_url': 'pic.twitter.com/vfkgZjVeCY'}]}",,,en,"{'retweet_count': 191, 'reply_count': 0, 'like_count': 0, 'quote_count': 0}",[<ReferencedTweet id=1452584726972207106 type=retweeted],
1452711806787481601,"RT @VentFinance: Say hello to CryptoXpress â€” THE LATEST IDO ON VENTUP! ðŸ”¥ðŸŽ‰

@crypto_xpress is bridging the crypto world with everyday life tâ€¦",,1387504713478787073,,1452711806787481601,2021-10-25 19:00:59+00:00,"{'mentions': [{'start': 3, 'end': 15, 'username': 'VentFinance', 'id': '1364535413675859968'}, {'start': 75, 'end': 89, 'username': 'crypto_xpress', 'id': '924181409421434880'}]}",,,en,"{'retweet_count': 101, 'reply_count': 0, 'like_count': 0, 'quote_count': 0}",[<ReferencedTweet id=1450129953241112578 type=retweeted],
1452711767235309572,RT @1_LoveLiberty: Hello World ! I'm 15 minutes old ðŸ¥°ðŸ’™ https://t.co/vfkgZjVeCY,{'media_keys': ['3_1452584689408040963']},1368228287156269059,,1452711767235309572,2021-10-25 19:00:50+00:00,"{'mentions': [{'start': 3, 'end': 17, 'username': '1_LoveLiberty', 'id': '2924434627'}], 'urls': [{'start': 55, 'end': 78, 'url': 'https://t.co/vfkgZjVeCY', 'expanded_url': 'https://twitter.com/1_LoveLiberty/status/1452584726972207106/photo/1', 'display_url': 'pic.twitter.com/vfkgZjVeCY'}]}",,,en,"{'retweet_count': 191, 'reply_count': 0, 'like_count': 0, 'quote_count': 0}",[<ReferencedTweet id=1452584726972207106 type=retweeted],
1452711752580272132,"RT @axospng: Hello #NFTCommunity â€¼ï¸ Wish you all an amazing week, lets start it with a #SHILLTRAIN ðŸ”¥ðŸ”¥ðŸ”¥ 
Lets show the world our workðŸ’ªâ¤ï¸ RTâ€¦",,1224239109855514625,,1452711752580272132,2021-10-25 19:00:46+00:00,"{'mentions': [{'start': 3, 'end': 11, 'username': 'axospng', 'id': '4737620542'}], 'hashtags': [{'start': 19, 'end': 32, 'tag': 'NFTCommunity'}, {'start': 87, 'end': 98, 'tag': 'SHILLTRAIN'}]}",,,en,"{'retweet_count': 9, 'reply_count': 0, 'like_count': 0, 'quote_count': 0}",[<ReferencedTweet id=1452668146612162561 type=retweeted],"[{'start': 19, 'end': 32, 'tag': 'NFTCommunity'}, {'start': 87, 'end': 98, 'tag': 'SHILLTRAIN'}]"
1452711746368675847,RT @nocontextsencal: @JoannaG Hello thereâ€™s a twitter tag that broke the world record for most tweeted about tv episode of all time. The taâ€¦,,1297482973927931906,"[{'domain': {'id': '46', 'name': 'Brand Category', 'description': 'Categories within Brand Verticals that narrow down the scope of Brands'}, 'entity': {'id': '781974596752842752', 'name': 'Services'}}, {'domain': {'id': '47', 'name': 'Brand', 'description': 'Brands and Companies'}, 'entity': {'id': '10045225402', 'name': 'Twitter'}}]",1452711746368675847,2021-10-25 19:00:45+00:00,"{'annotations': [{'start': 46, 'end': 52, 'probability': 0.6745, 'type': 'Product', 'normalized_text': 'twitter'}], 'mentions': [{'start': 3, 'end': 19, 'username': 'nocontextsencal', 'id': '1160232561089634305'}, {'start': 21, 'end': 29, 'username': 'JoannaG', 'id': '13010422'}]}",,,en,"{'retweet_count': 77, 'reply_count': 0, 'like_count': 0, 'quote_count': 0}",[<ReferencedTweet id=1452672595032264704 type=retweeted],
1452711718723850243,"Hello!!! Let me introduce myself. I'm carol. I am looking for delicious food around the world. where I am in is ItalyðŸ‡®ðŸ‡¹. The weather where I am is â˜ï¸ðŸŒˆâ˜ï¸â˜ï¸. 

 I'll enjoyðŸŒ­ðŸ¾ðŸ¥ž",,1114684320868732929,,1452711718723850243,2021-10-25 19:00:38+00:00,"{'annotations': [{'start': 112, 'end': 116, 'probability': 0.9386, 'type': 'Place', 'normalized_text': 'Italy'}]}",,,en,"{'retweet_count': 0, 'reply_count': 0, 'like_count': 0, 'quote_count': 0}",,
1452711715594924033,"@walker_rise Hello! Welcome to the VTuber Community! Youâ€™ve uploaded yourself to a virtual world; thus, your body has adapted to the changes! We hope you enjoy your new VTuber Journey!",,1045963423593390082,,1452653916458418177,2021-10-25 19:00:37+00:00,"{'annotations': [{'start': 35, 'end': 50, 'probability': 0.3207, 'type': 'Organization', 'normalized_text': 'VTuber Community'}], 'mentions': [{'start': 0, 'end': 12, 'username': 'walker_rise', 'id': '1333650642833817600'}]}",,1333650642833817600,en,"{'retweet_count': 0, 'reply_count': 0, 'like_count': 0, 'quote_count': 0}",[<ReferencedTweet id=1452653916458418177 type=replied_to],
1452711624570286083,"RT @lemondemonbot: hello, iâ€™m here, iâ€™m living in the wall
i know i might be small, but i am the eighth wonder (eighth wonder of the world)",,1287308277466923009,,1452711624570286083,2021-10-25 19:00:16+00:00,"{'mentions': [{'start': 3, 'end': 17, 'username': 'lemondemonbot', 'id': '938202823027838976'}]}",,,en,"{'retweet_count': 6, 'reply_count': 0, 'like_count': 0, 'quote_count': 0}",[<ReferencedTweet id=1452707768301862912 type=retweeted],
1452711485881208832,"RT @Axie_Queen: Hello soul friends,

""The Order of Protection"" 1/1 will drop in 5 days ðŸ”¥
""I believe I can live in a world free of abuse froâ€¦",,1414603246316838915,,1452711485881208832,2021-10-25 18:59:42+00:00,"{'annotations': [{'start': 38, 'end': 60, 'probability': 0.5312, 'type': 'Other', 'normalized_text': 'The Order of Protection'}], 'mentions': [{'start': 3, 'end': 14, 'username': 'Axie_Queen', 'id': '1393852959021146112'}]}",,,en,"{'retweet_count': 42, 'reply_count': 0, 'like_count': 0, 'quote_count': 0}",[<ReferencedTweet id=1452640640232157184 type=retweeted],
1452711428906004486,"RT @HeimbeckMarkus: @muhammadljunaid Hello, I'm Markus from Switzerland ðŸ‡¨ðŸ‡­, I'm happy to meet photographers from all the world here ðŸ˜ƒ, My pâ€¦",,1423126811341361157,,1452711428906004486,2021-10-25 18:59:29+00:00,"{'annotations': [{'start': 48, 'end': 53, 'probability': 0.4032, 'type': 'Person', 'normalized_text': 'Markus'}, {'start': 60, 'end': 70, 'probability': 0.9751, 'type': 'Place', 'normalized_text': 'Switzerland'}], 'mentions': [{'start': 3, 'end': 18, 'username': 'HeimbeckMarkus', 'id': '1415278723545378819'}, {'start': 20, 'end': 36, 'username': 'muhammadljunaid', 'id': '796785753967755264'}]}",,,en,"{'retweet_count': 2, 'reply_count': 0, 'like_count': 0, 'quote_count': 0}",[<ReferencedTweet id=1452708741091037186 type=retweeted],
1452711394491654156,RT @GremlintheFloof: Hello twitter.. after the excitement of being #catoftheday today..I thought it was about time I shared my floofy magniâ€¦,,15272192,"[{'domain': {'id': '46', 'name': 'Brand Category', 'description': 'Categories within Brand Verticals that narrow down the scope of Brands'}, 'entity': {'id': '781974596752842752', 'name': 'Services'}}, {'domain': {'id': '47', 'name': 'Brand', 'description': 'Brands and Companies'}, 'entity': {'id': '10045225402', 'name': 'Twitter'}}, {'domain': {'id': '65', 'name': 'Interests and Hobbies Vertical', 'description': 'Top level interests and hobbies groupings, like Food or Travel'}, 'entity': {'id': '852262932607926273', 'name': 'Pets', 'description': 'Pets'}}, {'domain': {'id': '30', 'name': 'Entities [Entity Service]', 'description': 'Entity Service top level domain, every item that is in Entity Service should be in this domain'}, 'entity': {'id': '852263859209478144', 'name': 'Cats', 'description': 'Cats'}}]",1452711394491654156,2021-10-25 18:59:21+00:00,"{'annotations': [{'start': 27, 'end': 33, 'probability': 0.4216, 'type': 'Product', 'normalized_text': 'twitter'}], 'mentions': [{'start': 3, 'end': 19, 'username': 'GremlintheFloof', 'id': '1452708303134461958'}], 'hashtags': [{'start': 67, 'end': 79, 'tag': 'catoftheday'}]}",,,en,"{'retweet_count': 2, 'reply_count': 0, 'like_count': 0, 'quote_count': 0}",[<ReferencedTweet id=1452711371670441992 type=retweeted],"[{'start': 67, 'end': 79, 'tag': 'catoftheday'}]"
1452711371670441992,Hello twitter.. after the excitement of being #catoftheday today..I thought it was about time I shared my floofy magnificence with the world #CatsOfTwitter https://t.co/earYpGar7H,{'media_keys': ['3_1452711369158111238']},1452708303134461958,"[{'domain': {'id': '46', 'name': 'Brand Category', 'description': 'Categories within Brand Verticals that narrow down the scope of Brands'}, 'entity': {'id': '781974596752842752', 'name': 'Services'}}, {'domain': {'id': '47', 'name': 'Brand', 'description': 'Brands and Companies'}, 'entity': {'id': '10045225402', 'name': 'Twitter'}}, {'domain': {'id': '65', 'name': 'Interests and Hobbies Vertical', 'description': 'Top level interests and hobbies groupings, like Food or Travel'}, 'entity': {'id': '852262932607926273', 'name': 'Pets', 'description': 'Pets'}}, {'domain': {'id': '30', 'name': 'Entities [Entity Service]', 'description': 'Entity Service top level domain, every item that is in Entity Service should be in this domain'}, 'entity': {'id': '852263859209478144', 'name': 'Cats', 'description': 'Cats'}}]",1452711371670441992,2021-10-25 18:59:15+00:00,"{'annotations': [{'start': 6, 'end': 12, 'probability': 0.3829, 'type': 'Product', 'normalized_text': 'twitter'}], 'hashtags': [{'start': 46, 'end': 58, 'tag': 'catoftheday'}, {'start': 141, 'end': 155, 'tag': 'CatsOfTwitter'}], 'urls': [{'start': 156, 'end': 179, 'url': 'https://t.co/earYpGar7H', 'expanded_url': 'https://twitter.com/GremlintheFloof/status/1452711371670441992/photo/1', 'display_url': 'pic.twitter.com/earYpGar7H'}]}",,,en,"{'retweet_count': 2, 'reply_count': 0, 'like_count': 1, 'quote_count': 0}",,"[{'start': 46, 'end': 58, 'tag': 'catoftheday'}, {'start': 141, 'end': 155, 'tag': 'CatsOfTwitter'}]"
1452711325574918147,"RT @tulsani__: â€œHello world!â€ by Ashish T
https://t.co/bs5nuZx8k7 
#Helloworld #programming #Medium",,1271509151772897281,"[{'domain': {'id': '65', 'name': 'Interests and Hobbies Vertical', 'description': 'Top level interests and hobbies groupings, like Food or Travel'}, 'entity': {'id': '848920371311001600', 'name': 'Technology', 'description': 'Technology and computing'}}, {'domain': {'id': '66', 'name': 'Interests and Hobbies Category', 'description': 'A grouping of interests and hobbies entities, like Novelty Food or Destinations'}, 'entity': {'id': '848921413196984320', 'name': 'Computer programming', 'description': 'Computer programming'}}]",1452711325574918147,2021-10-25 18:59:04+00:00,"{'annotations': [{'start': 33, 'end': 41, 'probability': 0.7621, 'type': 'Person', 'normalized_text': 'Ashish T'}], 'mentions': [{'start': 3, 'end': 13, 'username': 'tulsani__', 'id': '315813308'}], 'hashtags': [{'start': 67, 'end': 78, 'tag': 'Helloworld'}, {'start': 79, 'end': 91, 'tag': 'programming'}, {'start': 92, 'end': 99, 'tag': 'Medium'}], 'urls': [{'start': 42, 'end': 65, 'url': 'https://t.co/bs5nuZx8k7', 'expanded_url': 'https://link.medium.com/PVusb1TUDkb', 'display_url': 'link.medium.com/PVusb1TUDkb', 'images': [{'url': 'https://pbs.twimg.com/news_img/1452620236948008967/OtJVNm_d?format=jpg&name=orig', 'width': 1024, 'height': 576}, {'url': 'https://pbs.twimg.com/news_img/1452620236948008967/OtJVNm_d?format=jpg&name=150x150', 'width': 150, 'height': 150}], 'status': 200, 'title': 'Hello world!', 'description': 'This word is Probably one of the most common word for a programmer to post on any new platform.', 'unwound_url': 'https://link.medium.com/PVusb1TUDkb'}]}",,,en,"{'retweet_count': 2, 'reply_count': 0, 'like_count': 0, 'quote_count': 0}",[<ReferencedTweet id=1452620230979567619 type=retweeted],"[{'start': 67, 'end': 78, 'tag': 'Helloworld'}, {'start': 79, 'end': 91, 'tag': 'programming'}, {'start': 92, 'end': 99, 'tag': 'Medium'}]"
1452711303777292289,"Hardest thing in the world to do was to put my dogs down. My golden retrievers were my favorite hello or good morning &amp; the most difficult good bye experienced. My dogs are family &amp; as much as it hurt me &amp; as much as I cried, I sat on the floor with them until they left. https://t.co/9PXtP1IZWX",,2837595446,"[{'domain': {'id': '65', 'name': 'Interests and Hobbies Vertical', 'description': 'Top level interests and hobbies groupings, like Food or Travel'}, 'entity': {'id': '852262932607926273', 'name': 'Pets', 'description': 'Pets'}}, {'domain': {'id': '30', 'name': 'Entities [Entity Service]', 'description': 'Entity Service top level domain, every item that is in Entity Service should be in this domain'}, 'entity': {'id': '853980498816679937', 'name': 'Dogs', 'description': 'Dogs'}}, {'domain': {'id': '30', 'name': 'Entities [Entity Service]', 'description': 'Entity Service top level domain, every item that is in Entity Service should be in this domain'}, 'entity': {'id': '847868745150119936', 'name': 'Home & family', 'description': 'Hobbies and interests'}}, {'domain': {'id': '65', 'name': 'Interests and Hobbies Vertical', 'description': 'Top level interests and hobbies groupings, like Food or Travel'}, 'entity': {'id': '852262932607926273', 'name': 'Pets', 'description': 'Pets'}}, {'domain': {'id': '30', 'name': 'Entities [Entity Service]', 'description': 'Entity Service top level domain, every item that is in Entity Service should be in this domain'}, 'entity': {'id': '853980498816679937', 'name': 'Dogs', 'description': 'Dogs'}}, {'domain': {'id': '30', 'name': 'Entities [Entity Service]', 'description': 'Entity Service top level domain, every item that is in Entity Service should be in this domain'}, 'entity': {'id': '853987919723286528', 'name': 'Golden Retriever', 'description': 'Golden Retriever'}}]",1452711303777292289,2021-10-25 18:58:59+00:00,"{'urls': [{'start': 284, 'end': 307, 'url': 'https://t.co/9PXtP1IZWX', 'expanded_url': 'https://twitter.com/travisakers/status/1452696607808319490', 'display_url': 'twitter.com/travisakers/stâ€¦'}]}",,,en,"{'retweet_count': 0, 'reply_count': 1, 'like_count': 2, 'quote_count': 0}",[<ReferencedTweet id=1452696607808319490 type=quoted],
1452711182490640397,Hello XRP world this is me holding year 2050 price at $3.00 ðŸ˜…ðŸ˜‚ðŸ˜†ðŸ¤£ #XRP #XRPcommunity #ATH #xrpthestandard #XRPARMY #XRPHolders #XRPLedger #XRPjunkies https://t.co/Erw9cgRu9r,{'media_keys': ['3_1452711178430451722']},1397921935095320588,"[{'domain': {'id': '45', 'name': 'Brand Vertical', 'description': 'Top level entities that describe a Brands industry'}, 'entity': {'id': '781974596148793345', 'name': 'Business & finance'}}, {'domain': {'id': '46', 'name': 'Brand Category', 'description': 'Categories within Brand Verticals that narrow down the scope of Brands'}, 'entity': {'id': '781974596794716162', 'name': 'Financial services'}}, {'domain': {'id': '47', 'name': 'Brand', 'description': 'Brands and Companies'}, 'entity': {'id': '1007349748829786112', 'name': 'Ripple cryptocurrency', 'description': 'Ripple Cryptocurrency'}}]",1452711182490640397,2021-10-25 18:58:30+00:00,"{'hashtags': [{'start': 65, 'end': 69, 'tag': 'XRP'}, {'start': 70, 'end': 83, 'tag': 'XRPcommunity'}, {'start': 84, 'end': 88, 'tag': 'ATH'}, {'start': 89, 'end': 104, 'tag': 'xrpthestandard'}, {'start': 105, 'end': 113, 'tag': 'XRPARMY'}, {'start': 114, 'end': 125, 'tag': 'XRPHolders'}, {'start': 126, 'end': 136, 'tag': 'XRPLedger'}, {'start': 137, 'end': 148, 'tag': 'XRPjunkies'}], 'urls': [{'start': 149, 'end': 172, 'url': 'https://t.co/Erw9cgRu9r', 'expanded_url': 'https://twitter.com/leohandsofsteel/status/1452711182490640397/photo/1', 'display_url': 'pic.twitter.com/Erw9cgRu9r'}]}",,,en,"{'retweet_count': 0, 'reply_count': 0, 'like_count': 1, 'quote_count': 0}",,"[{'start': 65, 'end': 69, 'tag': 'XRP'}, {'start': 70, 'end': 83, 'tag': 'XRPcommunity'}, {'start': 84, 'end': 88, 'tag': 'ATH'}, {'start': 89, 'end': 104, 'tag': 'xrpthestandard'}, {'start': 105, 'end': 113, 'tag': 'XRPARMY'}, {'start': 114, 'end': 125, 'tag': 'XRPHolders'}, {'start': 126, 'end': 136, 'tag': 'XRPLedger'}, {'start': 137, 'end': 148, 'tag': 'XRPjunkies'}]"
1452711166912999428,@AOC Hello? Anyone home?  https://t.co/ag9ETccbWO,,1371099203343159298,"[{'domain': {'id': '10', 'name': 'Person', 'description': 'Named people in the world like Nelson Mandela'}, 'entity': {'id': '1011963575089262593', 'name': 'Alexandria Ocasio-Cortez', 'description': 'US Representative from New York Alexandria Ocasio-Cortez'}}, {'domain': {'id': '35', 'name': 'Politician', 'description': 'Politicians in the world, like Joe Biden'}, 'entity': {'id': '1011963575089262593', 'name': 'Alexandria Ocasio-Cortez', 'description': 'US Representative from New York Alexandria Ocasio-Cortez'}}]",1452459627187216388,2021-10-25 18:58:26+00:00,"{'mentions': [{'start': 0, 'end': 4, 'username': 'AOC', 'id': '138203134'}], 'urls': [{'start': 26, 'end': 49, 'url': 'https://t.co/ag9ETccbWO', 'expanded_url': 'https://www.independent.co.uk/news/world/americas/crime/capitol-riot-attack-fbi-evidence-b1906060.html', 'display_url': 'independent.co.uk/news/world/ameâ€¦'}]}",,138203134,en,"{'retweet_count': 0, 'reply_count': 0, 'like_count': 0, 'quote_count': 0}",[<ReferencedTweet id=1452459627187216388 type=replied_to],
1452711158800994304,"RT @RhlPixels: #originalcharacters yes hello, I have a made up world densely populated with beloved OC'sðŸ™ðŸ’• https://t.co/XYmVUxAEup","{'media_keys': ['3_1452683898270400519', '3_1452684070182342669', '3_1452687535621148680', '3_1452687561160265728']}",876280286895513600,,1452711158800994304,2021-10-25 18:58:24+00:00,"{'mentions': [{'start': 3, 'end': 13, 'username': 'RhlPixels', 'id': '4152769973'}], 'hashtags': [{'start': 15, 'end': 34, 'tag': 'originalcharacters'}], 'urls': [{'start': 107, 'end': 130, 'url': 'https://t.co/XYmVUxAEup', 'expanded_url': 'https://twitter.com/RhlPixels/status/1452687770313441297/photo/1', 'display_url': 'pic.twitter.com/XYmVUxAEup'}, {'start': 107, 'end': 130, 'url': 'https://t.co/XYmVUxAEup', 'expanded_url': 'https://twitter.com/RhlPixels/status/1452687770313441297/photo/1', 'display_url': 'pic.twitter.com/XYmVUxAEup'}, {'start': 107, 'end': 130, 'url': 'https://t.co/XYmVUxAEup', 'expanded_url': 'https://twitter.com/RhlPixels/status/1452687770313441297/photo/1', 'display_url': 'pic.twitter.com/XYmVUxAEup'}, {'start': 107, 'end': 130, 'url': 'https://t.co/XYmVUxAEup', 'expanded_url': 'https://twitter.com/RhlPixels/status/1452687770313441297/photo/1', 'display_url': 'pic.twitter.com/XYmVUxAEup'}]}",,,en,"{'retweet_count': 26, 'reply_count': 0, 'like_count': 0, 'quote_count': 0}",[<ReferencedTweet id=1452687770313441297 type=retweeted],"[{'start': 15, 'end': 34, 'tag': 'originalcharacters'}]"
1452711064437592067,Bring everyone and everything together across the world. Say hello to 110+ countries with @RingCentral MVP. View a demo or start today. #HelloToRingCentral https://t.co/j6bqB69feJ,,158767496,,1452711064437592067,2021-10-25 18:58:02+00:00,"{'mentions': [{'start': 90, 'end': 102, 'username': 'RingCentral', 'id': '49710151'}], 'hashtags': [{'start': 136, 'end': 155, 'tag': 'HelloToRingCentral'}], 'urls': [{'start': 156, 'end': 179, 'url': 'https://t.co/j6bqB69feJ', 'expanded_url': 'https://ringcentr.al/3mklDN7', 'display_url': 'ringcentr.al/3mklDN7'}]}",,,en,"{'retweet_count': 0, 'reply_count': 0, 'like_count': 0, 'quote_count': 0}",,"[{'start': 136, 'end': 155, 'tag': 'HelloToRingCentral'}]"
1452711013619585025,"RT @MarkoSilberhand: Hello World,

it is a cold Autumn Evening in Bavaria.
It is cloudy and the thermometer shows 3Â°C (37,4Â°F).

Nice whenâ€¦",,898231845925646336,,1452711013619585025,2021-10-25 18:57:50+00:00,"{'annotations': [{'start': 66, 'end': 72, 'probability': 0.9392, 'type': 'Place', 'normalized_text': 'Bavaria'}], 'mentions': [{'start': 3, 'end': 19, 'username': 'MarkoSilberhand', 'id': '898231845925646336'}]}",,,en,"{'retweet_count': 2, 'reply_count': 0, 'like_count': 0, 'quote_count': 0}",[<ReferencedTweet id=1452700280043327489 type=retweeted],
1452710985513455629,"RT @_forevercory_: Hello world!
Iâ€™m Elisa from Youtube ðŸ˜‰
Ask me anything you want
I hope you like my videos!
I purple you ðŸ’œ 

https://t.co/â€¦",,1355213196337029131,"[{'domain': {'id': '46', 'name': 'Brand Category', 'description': 'Categories within Brand Verticals that narrow down the scope of Brands'}, 'entity': {'id': '781974596752842752', 'name': 'Services'}}, {'domain': {'id': '47', 'name': 'Brand', 'description': 'Brands and Companies'}, 'entity': {'id': '10029382357', 'name': 'YouTube'}}]",1452710985513455629,2021-10-25 18:57:43+00:00,"{'annotations': [{'start': 36, 'end': 40, 'probability': 0.7573, 'type': 'Person', 'normalized_text': 'Elisa'}, {'start': 47, 'end': 53, 'probability': 0.4668, 'type': 'Organization', 'normalized_text': 'Youtube'}], 'mentions': [{'start': 3, 'end': 17, 'username': '_forevercory_', 'id': '1066862574413721600'}]}",,,en,"{'retweet_count': 29, 'reply_count': 0, 'like_count': 0, 'quote_count': 0}",[<ReferencedTweet id=1260879064405082112 type=retweeted],
1452710835738984448,RT @SaffronSalim: Hello @cricbuzz youâ€™ve readers/viewers from around the world. &amp; your team includes analysts &amp; former players from aroundâ€¦,,1311263530620874753,"[{'domain': {'id': '6', 'name': 'Sports Event'}, 'entity': {'id': '1437805861632573441', 'name': 'India vs Pakistan'}}, {'domain': {'id': '11', 'name': 'Sport', 'description': 'Types of sports, like soccer and basketball'}, 'entity': {'id': '897814293395103744', 'name': 'Cricket'}}, {'domain': {'id': '12', 'name': 'Sports Team', 'description': 'A sports team organization, like Arsenal and the Boston Celtics'}, 'entity': {'id': '897814234498686976', 'name': 'Pakistan'}}, {'domain': {'id': '12', 'name': 'Sports Team', 'description': 'A sports team organization, like Arsenal and the Boston Celtics'}, 'entity': {'id': '897814278568161280', 'name': 'India'}}, {'domain': {'id': '26', 'name': 'Sports League', 'description': ''}, 'entity': {'id': '1437802949418229761', 'name': ""ICC Men's T20 World Cup""}}]",1452710835738984448,2021-10-25 18:57:07+00:00,"{'mentions': [{'start': 3, 'end': 16, 'username': 'SaffronSalim', 'id': '792573624960086016'}, {'start': 24, 'end': 33, 'username': 'cricbuzz', 'id': '14251256'}]}",,,en,"{'retweet_count': 6, 'reply_count': 0, 'like_count': 0, 'quote_count': 0}",[<ReferencedTweet id=1452607275315695626 type=retweeted],
1452710834820485121,RT @1_LoveLiberty: Hello World ! I'm 15 minutes old ðŸ¥°ðŸ’™ https://t.co/vfkgZjVeCY,{'media_keys': ['3_1452584689408040963']},2778098370,,1452710834820485121,2021-10-25 18:57:07+00:00,"{'mentions': [{'start': 3, 'end': 17, 'username': '1_LoveLiberty', 'id': '2924434627'}], 'urls': [{'start': 55, 'end': 78, 'url': 'https://t.co/vfkgZjVeCY', 'expanded_url': 'https://twitter.com/1_LoveLiberty/status/1452584726972207106/photo/1', 'display_url': 'pic.twitter.com/vfkgZjVeCY'}]}",,,en,"{'retweet_count': 191, 'reply_count': 0, 'like_count': 0, 'quote_count': 0}",[<ReferencedTweet id=1452584726972207106 type=retweeted],
1452710833482571776,"RT @MarkoSilberhand: Hello World,

Autumn Greetings from Bilbo !

ðŸ¾    ðŸ’•    ðŸ˜Š    ðŸ‚ https://t.co/ny3zw6pGXd","{'media_keys': ['3_1452578792191496194', '3_1452578853499637763']}",898231845925646336,,1452710833482571776,2021-10-25 18:57:07+00:00,"{'mentions': [{'start': 3, 'end': 19, 'username': 'MarkoSilberhand', 'id': '898231845925646336'}], 'urls': [{'start': 83, 'end': 106, 'url': 'https://t.co/ny3zw6pGXd', 'expanded_url': 'https://twitter.com/MarkoSilberhand/status/1452578905341169670/photo/1', 'display_url': 'pic.twitter.com/ny3zw6pGXd'}, {'start': 83, 'end': 106, 'url': 'https://t.co/ny3zw6pGXd', 'expanded_url': 'https://twitter.com/MarkoSilberhand/status/1452578905341169670/photo/1', 'display_url': 'pic.twitter.com/ny3zw6pGXd'}]}",,,en,"{'retweet_count': 15, 'reply_count': 0, 'like_count': 0, 'quote_count': 0}",[<ReferencedTweet id=1452578905341169670 type=retweeted],
1452710692193280010,"RT @kizlong: Hello everyone from overseas, this is kizuru!
I want Splatoon players around the world to know about me, not just in Japan, soâ€¦",,1119831807967543297,"[{'domain': {'id': '71', 'name': 'Video Game', 'description': 'A video game like Overwatch'}, 'entity': {'id': '854949050151452672', 'name': 'Splatoon', 'description': 'This entity includes all conversation about the franchise, as well as any individual installments in the series, if applicable.\t\t\t'}}]",1452710692193280010,2021-10-25 18:56:33+00:00,"{'annotations': [{'start': 66, 'end': 73, 'probability': 0.3078, 'type': 'Organization', 'normalized_text': 'Splatoon'}, {'start': 130, 'end': 134, 'probability': 0.9674, 'type': 'Place', 'normalized_text': 'Japan'}], 'mentions': [{'start': 3, 'end': 11, 'username': 'kizlong', 'id': '1399393900092002308'}]}",,,en,"{'retweet_count': 32, 'reply_count': 0, 'like_count': 0, 'quote_count': 0}",[<ReferencedTweet id=1452681742410604546 type=retweeted],
1452710627345145859,RT @1_LoveLiberty: Hello World ! I'm 15 minutes old ðŸ¥°ðŸ’™ https://t.co/vfkgZjVeCY,{'media_keys': ['3_1452584689408040963']},3438301347,,1452710627345145859,2021-10-25 18:56:18+00:00,"{'mentions': [{'start': 3, 'end': 17, 'username': '1_LoveLiberty', 'id': '2924434627'}], 'urls': [{'start': 55, 'end': 78, 'url': 'https://t.co/vfkgZjVeCY', 'expanded_url': 'https://twitter.com/1_LoveLiberty/status/1452584726972207106/photo/1', 'display_url': 'pic.twitter.com/vfkgZjVeCY'}]}",,,en,"{'retweet_count': 191, 'reply_count': 0, 'like_count': 0, 'quote_count': 0}",[<ReferencedTweet id=1452584726972207106 type=retweeted],
1452710601172553729,RT @1_LoveLiberty: Hello World ! I'm 15 minutes old ðŸ¥°ðŸ’™ https://t.co/vfkgZjVeCY,{'media_keys': ['3_1452584689408040963']},845400859106160640,,1452710601172553729,2021-10-25 18:56:12+00:00,"{'mentions': [{'start': 3, 'end': 17, 'username': '1_LoveLiberty', 'id': '2924434627'}], 'urls': [{'start': 55, 'end': 78, 'url': 'https://t.co/vfkgZjVeCY', 'expanded_url': 'https://twitter.com/1_LoveLiberty/status/1452584726972207106/photo/1', 'display_url': 'pic.twitter.com/vfkgZjVeCY'}]}",,,en,"{'retweet_count': 191, 'reply_count': 0, 'like_count': 0, 'quote_count': 0}",[<ReferencedTweet id=1452584726972207106 type=retweeted],
1452710594713374724,"RT @PsychedelicUNIT: 1/ Hello world! After almost two years in planning, weâ€™d like to introduce you all to Understanding Neuroplasticity Inâ€¦",,1306877375536398337,,1452710594713374724,2021-10-25 18:56:10+00:00,"{'mentions': [{'start': 3, 'end': 19, 'username': 'PsychedelicUNIT', 'id': '1448628826259566592'}]}",,,en,"{'retweet_count': 47, 'reply_count': 0, 'like_count': 0, 'quote_count': 0}",[<ReferencedTweet id=1451598591575867393 type=retweeted],
1452710590795767809,Hello World ðŸ¤“ðŸ¤“ðŸ¤“,,1307134546903662592,,1452710590795767809,2021-10-25 18:56:09+00:00,,,,en,"{'retweet_count': 0, 'reply_count': 0, 'like_count': 0, 'quote_count': 0}",,
1452710335232815116,Hello World! Listen to this song! https://t.co/zN1o6PkFBB,,1423862267536461824,,1452710335232815116,2021-10-25 18:55:08+00:00,"{'urls': [{'start': 34, 'end': 57, 'url': 'https://t.co/zN1o6PkFBB', 'expanded_url': 'https://www.n1m.com/robertagreen/song/997423-Armour-of-GOD', 'display_url': 'n1m.com/robertagreen/sâ€¦', 'images': [{'url': 'https://pbs.twimg.com/news_img/1452710340681248776/V_mFxKza?format=jpg&name=orig', 'width': 960, 'height': 619}, {'url': 'https://pbs.twimg.com/news_img/1452710340681248776/V_mFxKza?format=jpg&name=150x150', 'width': 150, 'height': 150}], 'status': 200, 'title': 'Armour of GOD! - Play on N1M', 'description': 'UP LIFTING - Good evening Robert and thank you for the chance to review another one of your great Gospel songs and this track in my opinion is very up lifting and spirit filled composition that has been recorded and produced to very professional standard,i love the vocals and harmonies and the melody is very catchy its a song that you want to play again and again and be transformed by the wonderful Christian message that is in your lyrics that proves once again that you are using your great talent for the Lord.', 'unwound_url': 'https://www.n1m.com/robertagreen/song/997423-Armour-of-GOD'}]}",,,en,"{'retweet_count': 0, 'reply_count': 0, 'like_count': 0, 'quote_count': 0}",,
1452710278085464064,"RT @HeimbeckMarkus: @muhammadljunaid Hello, I'm Markus from Switzerland ðŸ‡¨ðŸ‡­, I'm happy to meet photographers from all the world here ðŸ˜ƒ, My pâ€¦",,1286382601394061314,,1452710278085464064,2021-10-25 18:54:55+00:00,"{'annotations': [{'start': 48, 'end': 53, 'probability': 0.4032, 'type': 'Person', 'normalized_text': 'Markus'}, {'start': 60, 'end': 70, 'probability': 0.9751, 'type': 'Place', 'normalized_text': 'Switzerland'}], 'mentions': [{'start': 3, 'end': 18, 'username': 'HeimbeckMarkus', 'id': '1415278723545378819'}, {'start': 20, 'end': 36, 'username': 'muhammadljunaid', 'id': '796785753967755264'}]}",,,en,"{'retweet_count': 2, 'reply_count': 0, 'like_count': 0, 'quote_count': 0}",[<ReferencedTweet id=1452708741091037186 type=retweeted],
1452710197105991684,"RT @TheGreysChannel: Hello world! We are on the air. Is anybody listen us? 
Hi Earth! We are on the air! 
#TheGreysChannel #TheGreys 
httpsâ€¦",,230492533,,1452710197105991684,2021-10-25 18:54:35+00:00,"{'mentions': [{'start': 3, 'end': 19, 'username': 'TheGreysChannel', 'id': '1452699644472004613'}], 'hashtags': [{'start': 106, 'end': 122, 'tag': 'TheGreysChannel'}, {'start': 123, 'end': 132, 'tag': 'TheGreys'}]}",,,en,"{'retweet_count': 2, 'reply_count': 0, 'like_count': 0, 'quote_count': 0}",[<ReferencedTweet id=1452707863940448263 type=retweeted],"[{'start': 106, 'end': 122, 'tag': 'TheGreysChannel'}, {'start': 123, 'end': 132, 'tag': 'TheGreys'}]"
1452710046127775755,"RT @KajGaymer: Hello twitter world, whether you can donate or just retweet this! Today was a visit to the dentist that resulted in us neediâ€¦",,1215788084857577472,"[{'domain': {'id': '46', 'name': 'Brand Category', 'description': 'Categories within Brand Verticals that narrow down the scope of Brands'}, 'entity': {'id': '781974596752842752', 'name': 'Services'}}, {'domain': {'id': '47', 'name': 'Brand', 'description': 'Brands and Companies'}, 'entity': {'id': '10045225402', 'name': 'Twitter'}}]",1452710046127775755,2021-10-25 18:53:59+00:00,"{'annotations': [{'start': 21, 'end': 27, 'probability': 0.3879, 'type': 'Organization', 'normalized_text': 'twitter'}], 'mentions': [{'start': 3, 'end': 13, 'username': 'KajGaymer', 'id': '329845259'}]}",,,en,"{'retweet_count': 13, 'reply_count': 0, 'like_count': 0, 'quote_count': 0}",[<ReferencedTweet id=1452409092056649731 type=retweeted],
1452709982282129411,"RT @UoBristolVolc: HELLO Twitter! The @BristolUni  Volcanology Research Group has joined the world of social media! ðŸŒ‹

Follow along as we hâ€¦",,1555637084,"[{'domain': {'id': '46', 'name': 'Brand Category', 'description': 'Categories within Brand Verticals that narrow down the scope of Brands'}, 'entity': {'id': '781974596752842752', 'name': 'Services'}}, {'domain': {'id': '47', 'name': 'Brand', 'description': 'Brands and Companies'}, 'entity': {'id': '10045225402', 'name': 'Twitter'}}, {'domain': {'id': '65', 'name': 'Interests and Hobbies Vertical', 'description': 'Top level interests and hobbies groupings, like Food or Travel'}, 'entity': {'id': '854692455005921281', 'name': 'Science', 'description': 'Science'}}, {'domain': {'id': '30', 'name': 'Entities [Entity Service]', 'description': 'Entity Service top level domain, every item that is in Entity Service should be in this domain'}, 'entity': {'id': '847897009281355776', 'name': 'Geology', 'description': 'Geology'}}]",1452709982282129411,2021-10-25 18:53:44+00:00,"{'annotations': [{'start': 25, 'end': 31, 'probability': 0.567, 'type': 'Organization', 'normalized_text': 'Twitter'}, {'start': 51, 'end': 76, 'probability': 0.6745, 'type': 'Organization', 'normalized_text': 'Volcanology Research Group'}], 'mentions': [{'start': 3, 'end': 17, 'username': 'UoBristolVolc', 'id': '1452688152322260995'}, {'start': 38, 'end': 49, 'username': 'BristolUni', 'id': '24723695'}]}",,,en,"{'retweet_count': 9, 'reply_count': 0, 'like_count': 0, 'quote_count': 0}",[<ReferencedTweet id=1452694793847455753 type=retweeted],
1452709865395163137,HELLO :) Appreciate yourself because you deserve more than the world has to offer &lt;3,,1302548223718879232,,1452709865395163137,2021-10-25 18:53:16+00:00,,,,en,"{'retweet_count': 0, 'reply_count': 0, 'like_count': 0, 'quote_count': 0}",,
1452709827763851266,Hello world ðŸ‘‹,,16217340,,1452709827763851266,2021-10-25 18:53:07+00:00,,,,en,"{'retweet_count': 0, 'reply_count': 0, 'like_count': 1, 'quote_count': 0}",,
1452709748055416839,RT @1_LoveLiberty: Hello World ! I'm 15 minutes old ðŸ¥°ðŸ’™ https://t.co/vfkgZjVeCY,{'media_keys': ['3_1452584689408040963']},733021485263159297,,1452709748055416839,2021-10-25 18:52:48+00:00,"{'mentions': [{'start': 3, 'end': 17, 'username': '1_LoveLiberty', 'id': '2924434627'}], 'urls': [{'start': 55, 'end': 78, 'url': 'https://t.co/vfkgZjVeCY', 'expanded_url': 'https://twitter.com/1_LoveLiberty/status/1452584726972207106/photo/1', 'display_url': 'pic.twitter.com/vfkgZjVeCY'}]}",,,en,"{'retweet_count': 191, 'reply_count': 0, 'like_count': 0, 'quote_count': 0}",[<ReferencedTweet id=1452584726972207106 type=retweeted],
1452709745215803392,"RT @RhlPixels: #originalcharacters yes hello, I have a made up world densely populated with beloved OC'sðŸ™ðŸ’• https://t.co/XYmVUxAEup","{'media_keys': ['3_1452683898270400519', '3_1452684070182342669', '3_1452687535621148680', '3_1452687561160265728']}",1347417999012225025,,1452709745215803392,2021-10-25 18:52:47+00:00,"{'mentions': [{'start': 3, 'end': 13, 'username': 'RhlPixels', 'id': '4152769973'}], 'hashtags': [{'start': 15, 'end': 34, 'tag': 'originalcharacters'}], 'urls': [{'start': 107, 'end': 130, 'url': 'https://t.co/XYmVUxAEup', 'expanded_url': 'https://twitter.com/RhlPixels/status/1452687770313441297/photo/1', 'display_url': 'pic.twitter.com/XYmVUxAEup'}, {'start': 107, 'end': 130, 'url': 'https://t.co/XYmVUxAEup', 'expanded_url': 'https://twitter.com/RhlPixels/status/1452687770313441297/photo/1', 'display_url': 'pic.twitter.com/XYmVUxAEup'}, {'start': 107, 'end': 130, 'url': 'https://t.co/XYmVUxAEup', 'expanded_url': 'https://twitter.com/RhlPixels/status/1452687770313441297/photo/1', 'display_url': 'pic.twitter.com/XYmVUxAEup'}, {'start': 107, 'end': 130, 'url': 'https://t.co/XYmVUxAEup', 'expanded_url': 'https://twitter.com/RhlPixels/status/1452687770313441297/photo/1', 'display_url': 'pic.twitter.com/XYmVUxAEup'}]}",,,en,"{'retweet_count': 26, 'reply_count': 0, 'like_count': 0, 'quote_count': 0}",[<ReferencedTweet id=1452687770313441297 type=retweeted],"[{'start': 15, 'end': 34, 'tag': 'originalcharacters'}]"
1452709724760182794,"@nocontextsencal @JoannaG @JoannaG
 Hello thereâ€™s a twitter tag that broke the world record for most tweeted about tv episode of all time. The tag in question is #sonkezsenÃ§alkapÄ±mÄ± which broke the record on 8-9th of this Sept but thereâ€™s still no acknowledgment by the official twitter account. Pls help",,1405220170403024905,"[{'domain': {'id': '46', 'name': 'Brand Category', 'description': 'Categories within Brand Verticals that narrow down the scope of Brands'}, 'entity': {'id': '781974596752842752', 'name': 'Services'}}, {'domain': {'id': '47', 'name': 'Brand', 'description': 'Brands and Companies'}, 'entity': {'id': '10045225402', 'name': 'Twitter'}}]",1452672595032264704,2021-10-25 18:52:43+00:00,"{'annotations': [{'start': 52, 'end': 58, 'probability': 0.5431, 'type': 'Product', 'normalized_text': 'twitter'}, {'start': 279, 'end': 285, 'probability': 0.4177, 'type': 'Product', 'normalized_text': 'twitter'}], 'mentions': [{'start': 0, 'end': 16, 'username': 'nocontextsencal', 'id': '1160232561089634305'}, {'start': 17, 'end': 25, 'username': 'JoannaG', 'id': '13010422'}, {'start': 26, 'end': 34, 'username': 'JoannaG', 'id': '13010422'}], 'hashtags': [{'start': 162, 'end': 181, 'tag': 'sonkezsenÃ§alkapÄ±mÄ±'}]}",,1160232561089634305,en,"{'retweet_count': 0, 'reply_count': 0, 'like_count': 0, 'quote_count': 0}",[<ReferencedTweet id=1452672595032264704 type=replied_to],"[{'start': 162, 'end': 181, 'tag': 'sonkezsenÃ§alkapÄ±mÄ±'}]"
1452709632246382592,"Blueberryâ™¥Train - Hello, Happy World! x Kasumi",,1252743165955715072,"[{'domain': {'id': '130', 'name': 'Multimedia Franchise', 'description': ""Franchises which span multiple forms of media like 'Harry Potter'""}, 'entity': {'id': '1004022548147798016', 'name': 'BanG Dream!', 'description': 'BanG Dream!'}}]",1452709632246382592,2021-10-25 18:52:21+00:00,,,,en,"{'retweet_count': 0, 'reply_count': 0, 'like_count': 0, 'quote_count': 0}",,
1452709627485949955,RT @nocontextsencal: @JoannaG Hello thereâ€™s a twitter tag that broke the world record for most tweeted about tv episode of all time. The taâ€¦,,1405220170403024905,"[{'domain': {'id': '46', 'name': 'Brand Category', 'description': 'Categories within Brand Verticals that narrow down the scope of Brands'}, 'entity': {'id': '781974596752842752', 'name': 'Services'}}, {'domain': {'id': '47', 'name': 'Brand', 'description': 'Brands and Companies'}, 'entity': {'id': '10045225402', 'name': 'Twitter'}}]",1452709627485949955,2021-10-25 18:52:19+00:00,"{'annotations': [{'start': 46, 'end': 52, 'probability': 0.6745, 'type': 'Product', 'normalized_text': 'twitter'}], 'mentions': [{'start': 3, 'end': 19, 'username': 'nocontextsencal', 'id': '1160232561089634305'}, {'start': 21, 'end': 29, 'username': 'JoannaG', 'id': '13010422'}]}",,,en,"{'retweet_count': 77, 'reply_count': 0, 'like_count': 0, 'quote_count': 0}",[<ReferencedTweet id=1452672595032264704 type=retweeted],
1452709510141853704,RT @1_LoveLiberty: Hello World ! I'm 15 minutes old ðŸ¥°ðŸ’™ https://t.co/vfkgZjVeCY,{'media_keys': ['3_1452584689408040963']},866729788261662720,,1452709510141853704,2021-10-25 18:51:51+00:00,"{'mentions': [{'start': 3, 'end': 17, 'username': '1_LoveLiberty', 'id': '2924434627'}], 'urls': [{'start': 55, 'end': 78, 'url': 'https://t.co/vfkgZjVeCY', 'expanded_url': 'https://twitter.com/1_LoveLiberty/status/1452584726972207106/photo/1', 'display_url': 'pic.twitter.com/vfkgZjVeCY'}]}",,,en,"{'retweet_count': 191, 'reply_count': 0, 'like_count': 0, 'quote_count': 0}",[<ReferencedTweet id=1452584726972207106 type=retweeted],
1452709492051910665,"RT @lemondemonbot: hello, iâ€™m here, iâ€™m living in the wall
i know i might be small, but i am the eighth wonder (eighth wonder of the world)",,1221101659402711041,,1452709492051910665,2021-10-25 18:51:47+00:00,"{'mentions': [{'start': 3, 'end': 17, 'username': 'lemondemonbot', 'id': '938202823027838976'}]}",,,en,"{'retweet_count': 6, 'reply_count': 0, 'like_count': 0, 'quote_count': 0}",[<ReferencedTweet id=1452707768301862912 type=retweeted],
1452709449123213313,@shelficle um HELLO iâ€™m the biggest dyke in the world ðŸ˜­ðŸ˜­,,3132360813,,1452708612837683207,2021-10-25 18:51:37+00:00,"{'mentions': [{'start': 0, 'end': 10, 'username': 'shelficle', 'id': '2351747965'}]}",,2351747965,en,"{'retweet_count': 0, 'reply_count': 1, 'like_count': 1, 'quote_count': 0}",[<ReferencedTweet id=1452709349789339650 type=replied_to],
1452709438255767556,Hello again from the bottom of this world,,1178473327687602176,,1452709438255767556,2021-10-25 18:51:34+00:00,,,,en,"{'retweet_count': 0, 'reply_count': 0, 'like_count': 0, 'quote_count': 0}",,
1452709430991097856,"@DropYourNFT Hello guys ðŸ‘‹

Just a reminder have u prepare your army?âš ï¸âš ï¸

If u dont, come visit my underworld, my goblins is ready to take control, come take your favorite one, and let's attack of all around the world together
ðŸ”¥ðŸ”¥ðŸ’€ðŸ’€

https://t.co/WZLkupnUtC",,1275108204431552512,,1452699129759649795,2021-10-25 18:51:33+00:00,"{'mentions': [{'start': 0, 'end': 12, 'username': 'DropYourNFT', 'id': '1373268723767869440'}], 'urls': [{'start': 233, 'end': 256, 'url': 'https://t.co/WZLkupnUtC', 'expanded_url': 'https://twitter.com/1m_a_lemon/status/1452332951081996292?t=Gz957_yxubhsqkdC7-VIAw&s=19', 'display_url': 'twitter.com/1m_a_lemon/staâ€¦'}]}",,1373268723767869440,en,"{'retweet_count': 0, 'reply_count': 0, 'like_count': 0, 'quote_count': 0}","[<ReferencedTweet id=1452332951081996292 type=quoted, <ReferencedTweet id=1452699129759649795 type=replied_to]",
1452709348879134722,"@NFtsGrab Hello guys ðŸ‘‹

Just a reminder have u prepare your army?âš ï¸âš ï¸

If u dont, come visit my underworld, my goblins is ready to take control, come take your favorite one, and let's attack of all around the world together
ðŸ”¥ðŸ”¥ðŸ’€ðŸ’€

https://t.co/WZLkupnUtC",,1275108204431552512,,1452679349019283463,2021-10-25 18:51:13+00:00,"{'mentions': [{'start': 0, 'end': 9, 'username': 'NFtsGrab', 'id': '1234798891289194498'}], 'urls': [{'start': 230, 'end': 253, 'url': 'https://t.co/WZLkupnUtC', 'expanded_url': 'https://twitter.com/1m_a_lemon/status/1452332951081996292?t=Gz957_yxubhsqkdC7-VIAw&s=19', 'display_url': 'twitter.com/1m_a_lemon/staâ€¦'}]}",,1234798891289194498,en,"{'retweet_count': 0, 'reply_count': 0, 'like_count': 0, 'quote_count': 0}","[<ReferencedTweet id=1452332951081996292 type=quoted, <ReferencedTweet id=1452679349019283463 type=replied_to]",
1452709250405486597,"RT @RhlPixels: #originalcharacters yes hello, I have a made up world densely populated with beloved OC'sðŸ™ðŸ’• https://t.co/XYmVUxAEup","{'media_keys': ['3_1452683898270400519', '3_1452684070182342669', '3_1452687535621148680', '3_1452687561160265728']}",1359683649369686017,,1452709250405486597,2021-10-25 18:50:49+00:00,"{'mentions': [{'start': 3, 'end': 13, 'username': 'RhlPixels', 'id': '4152769973'}], 'hashtags': [{'start': 15, 'end': 34, 'tag': 'originalcharacters'}], 'urls': [{'start': 107, 'end': 130, 'url': 'https://t.co/XYmVUxAEup', 'expanded_url': 'https://twitter.com/RhlPixels/status/1452687770313441297/photo/1', 'display_url': 'pic.twitter.com/XYmVUxAEup'}, {'start': 107, 'end': 130, 'url': 'https://t.co/XYmVUxAEup', 'expanded_url': 'https://twitter.com/RhlPixels/status/1452687770313441297/photo/1', 'display_url': 'pic.twitter.com/XYmVUxAEup'}, {'start': 107, 'end': 130, 'url': 'https://t.co/XYmVUxAEup', 'expanded_url': 'https://twitter.com/RhlPixels/status/1452687770313441297/photo/1', 'display_url': 'pic.twitter.com/XYmVUxAEup'}, {'start': 107, 'end': 130, 'url': 'https://t.co/XYmVUxAEup', 'expanded_url': 'https://twitter.com/RhlPixels/status/1452687770313441297/photo/1', 'display_url': 'pic.twitter.com/XYmVUxAEup'}]}",,,en,"{'retweet_count': 26, 'reply_count': 0, 'like_count': 0, 'quote_count': 0}",[<ReferencedTweet id=1452687770313441297 type=retweeted],"[{'start': 15, 'end': 34, 'tag': 'originalcharacters'}]"
1452709149112877059,"@NFTMansa Hello guys ðŸ‘‹

Just a reminder have u prepare your army?âš ï¸âš ï¸

If u dont, come visit my underworld, my goblins is ready to take control, come take your favorite one, and let's attack of all around the world together
ðŸ”¥ðŸ”¥ðŸ’€ðŸ’€

https://t.co/mMQ5fOFx27",,1285389126271766529,,1452628767478894596,2021-10-25 18:50:25+00:00,"{'mentions': [{'start': 0, 'end': 9, 'username': 'NFTMansa', 'id': '98849456'}], 'urls': [{'start': 230, 'end': 253, 'url': 'https://t.co/mMQ5fOFx27', 'expanded_url': 'https://twitter.com/1m_a_lemon/status/1452332951081996292?t=Gz957_yxubhsqkdC7-VIAw&s=19', 'display_url': 'twitter.com/1m_a_lemon/staâ€¦'}]}",,98849456,en,"{'retweet_count': 0, 'reply_count': 0, 'like_count': 0, 'quote_count': 0}","[<ReferencedTweet id=1452332951081996292 type=quoted, <ReferencedTweet id=1452628767478894596 type=replied_to]",
1452708985446928386,"print('Hello, World.')",,1104619365595471872,,1452708985446928386,2021-10-25 18:49:46+00:00,,,,en,"{'retweet_count': 0, 'reply_count': 0, 'like_count': 0, 'quote_count': 0}",,
